sleep_quality,hours,mood,interest,worry,panic,workload,tiredness,motivation,label
9,2,10,7,0,10,6,6,2,anxiety_risk
2,0,8,8,6,0,10,0,6,minimal_concern
7,10,3,0,9,6,6,9,5,anxiety_risk
5,7,0,10,2,3,0,10,2,minimal_concern
4,2,10,3,0,6,4,6,9,minimal_concern
3,5,0,3,9,4,2,7,0,anxiety_risk
4,10,3,7,8,0,1,9,1,anxiety_risk
10,8,0,6,8,10,0,2,0,anxiety_risk
7,11,4,0,10,0,6,5,5,anxiety_risk
2,9,1,5,5,1,5,10,2,minimal_concern
2,9,2,2,6,6,4,1,4,minimal_concern
8,7,9,8,9,10,10,3,9,anxiety_risk
7,7,2,0,0,2,8,7,7,depressive_risk
4,6,2,5,0,10,7,1,2,anxiety_risk
5,2,0,1,8,7,8,4,6,anxiety_risk
5,11,0,8,6,10,5,8,1,anxiety_risk
8,6,3,1,10,0,6,9,3,anxiety_risk
5,2,5,9,9,5,5,7,4,anxiety_risk
9,1,9,10,7,0,2,2,5,anxiety_risk
9,4,0,2,3,5,5,6,2,depressive_risk
0,0,2,5,3,10,9,8,5,anxiety_risk
8,2,8,4,7,0,4,7,6,anxiety_risk
2,11,1,0,7,2,4,9,4,anxiety_risk
6,8,10,10,9,10,5,9,3,anxiety_risk
4,9,6,4,10,9,10,5,10,anxiety_risk
1,12,5,1,0,2,0,7,1,minimal_concern
6,0,5,5,9,3,0,9,1,anxiety_risk
3,9,4,5,7,6,7,10,5,anxiety_risk
8,2,10,4,5,4,6,3,3,minimal_concern
4,10,6,3,9,7,7,9,10,anxiety_risk
1,10,8,4,10,10,8,3,5,anxiety_risk
3,5,1,4,5,0,3,3,0,minimal_concern
3,1,7,0,8,4,8,1,8,anxiety_risk
3,2,3,5,4,4,6,10,6,elevated_fatigue
1,10,5,6,9,4,7,7,5,anxiety_risk
5,0,6,4,9,10,1,5,10,anxiety_risk
7,6,1,6,3,10,2,8,8,anxiety_risk
7,1,8,1,9,4,1,3,3,anxiety_risk
6,4,8,8,5,3,9,1,6,minimal_concern
4,2,8,10,5,0,1,1,2,minimal_concern
6,8,10,0,0,1,6,7,9,minimal_concern
8,2,1,6,6,5,9,2,8,stress_distress
8,7,4,5,8,8,1,2,8,anxiety_risk
2,11,3,10,10,10,5,10,9,anxiety_risk
10,8,8,1,4,7,1,10,7,anxiety_risk
6,3,5,2,0,6,5,1,4,minimal_concern
10,10,7,9,10,1,10,2,9,anxiety_risk
1,6,5,10,7,1,10,8,4,anxiety_risk
0,5,8,5,6,8,5,9,4,anxiety_risk
10,1,10,1,3,6,2,9,0,minimal_concern
7,6,3,5,7,7,1,6,3,anxiety_risk
2,3,2,6,7,9,7,8,8,anxiety_risk
0,9,2,1,5,8,0,3,10,anxiety_risk
5,9,9,7,7,5,8,6,3,anxiety_risk
1,7,2,4,2,2,1,7,5,minimal_concern
5,11,2,0,8,1,7,2,10,anxiety_risk
7,6,5,1,7,2,1,8,8,anxiety_risk
6,7,4,9,3,0,3,8,3,minimal_concern
4,9,0,3,6,7,8,6,3,anxiety_risk
4,8,8,1,2,3,10,7,1,burnout_risk
0,9,9,4,3,7,6,9,8,anxiety_risk
7,9,8,9,6,5,9,8,1,burnout_risk
4,11,3,0,7,6,2,5,4,anxiety_risk
0,12,5,6,0,9,10,4,8,anxiety_risk
7,3,10,10,6,7,9,9,0,anxiety_risk
4,12,7,3,5,2,9,3,7,minimal_concern
9,1,0,6,7,7,7,5,6,anxiety_risk
2,5,1,3,10,2,1,1,0,anxiety_risk
8,10,0,0,8,5,4,10,4,anxiety_risk
2,5,2,10,4,1,5,0,5,minimal_concern
1,6,6,4,10,2,10,4,4,anxiety_risk
7,1,6,3,8,8,4,9,4,anxiety_risk
2,8,6,7,5,2,5,4,4,minimal_concern
1,9,10,10,5,6,5,10,6,minimal_concern
3,11,0,10,8,5,3,0,0,anxiety_risk
7,7,8,4,10,0,1,5,4,anxiety_risk
0,2,5,1,0,5,1,5,9,minimal_concern
9,5,3,5,1,6,0,9,1,minimal_concern
8,2,4,3,6,2,10,2,10,stress_distress
9,0,1,9,3,10,4,9,2,anxiety_risk
0,5,6,2,6,10,4,9,9,anxiety_risk
3,3,10,2,7,9,8,1,5,anxiety_risk
6,5,10,3,8,8,5,3,3,anxiety_risk
4,5,1,6,2,8,8,8,3,anxiety_risk
5,12,10,3,0,10,0,0,5,anxiety_risk
5,11,6,8,8,6,2,5,4,anxiety_risk
5,1,8,4,0,10,3,8,5,anxiety_risk
4,10,5,1,2,6,6,9,2,minimal_concern
10,7,3,3,0,5,8,0,0,minimal_concern
4,10,9,1,0,10,4,3,5,anxiety_risk
0,11,6,6,9,0,1,0,0,anxiety_risk
6,10,7,10,6,8,0,8,2,anxiety_risk
9,2,7,7,5,3,10,5,7,minimal_concern
0,5,1,6,1,9,8,9,2,anxiety_risk
4,3,2,9,2,0,5,1,1,minimal_concern
0,7,4,10,9,3,10,2,7,anxiety_risk
4,1,2,5,4,3,6,1,1,minimal_concern
6,11,10,10,7,0,3,10,6,anxiety_risk
8,5,8,2,7,3,9,6,2,anxiety_risk
3,6,3,8,1,5,5,3,5,minimal_concern
0,4,9,1,5,8,4,4,9,anxiety_risk
9,3,6,3,10,4,6,5,8,anxiety_risk
4,11,2,9,9,7,10,2,10,anxiety_risk
4,12,7,1,4,4,9,1,8,minimal_concern
4,12,4,7,3,0,10,10,3,burnout_risk
7,4,9,3,9,5,5,10,4,anxiety_risk
9,10,4,5,8,7,2,7,10,anxiety_risk
9,10,3,10,0,0,8,7,1,burnout_risk
8,10,4,2,3,10,7,9,8,anxiety_risk
9,5,5,1,6,9,7,2,5,anxiety_risk
6,4,3,4,5,9,7,9,10,anxiety_risk
2,8,2,7,1,6,3,10,2,minimal_concern
0,11,9,10,1,2,10,10,2,burnout_risk
5,0,8,0,8,5,7,6,1,anxiety_risk
6,11,1,2,4,8,6,1,1,anxiety_risk
1,5,6,6,7,10,10,7,2,anxiety_risk
7,0,7,5,5,5,3,5,1,minimal_concern
1,11,9,4,0,0,5,0,8,minimal_concern
6,1,10,9,8,5,8,4,7,anxiety_risk
10,3,10,9,1,5,9,2,9,minimal_concern
4,8,10,5,7,6,4,2,6,anxiety_risk
5,9,0,5,7,4,5,6,4,anxiety_risk
8,2,8,8,4,6,9,2,5,minimal_concern
6,9,8,7,8,6,2,8,9,anxiety_risk
5,1,1,8,2,6,1,7,5,minimal_concern
10,3,1,8,8,1,3,3,7,anxiety_risk
1,11,10,7,6,6,10,5,6,minimal_concern
10,12,6,4,10,8,9,4,4,anxiety_risk
10,11,7,10,4,5,3,3,4,minimal_concern
7,7,9,7,4,5,8,10,5,minimal_concern
6,5,1,3,9,8,2,6,6,anxiety_risk
0,2,9,2,8,0,9,0,3,anxiety_risk
0,10,0,10,3,5,3,0,3,minimal_concern
5,3,0,10,9,6,1,8,8,anxiety_risk
2,9,2,8,4,7,0,3,4,anxiety_risk
3,8,10,6,10,7,0,9,10,anxiety_risk
7,11,6,9,0,5,0,3,9,minimal_concern
6,7,9,9,9,10,4,7,6,anxiety_risk
9,7,6,4,10,2,10,0,8,anxiety_risk
10,12,5,3,9,2,5,8,5,anxiety_risk
4,2,5,2,0,0,0,2,10,minimal_concern
3,11,5,5,8,8,9,2,10,anxiety_risk
7,5,8,2,0,5,5,4,6,minimal_concern
5,2,6,1,9,2,10,2,10,anxiety_risk
3,12,2,1,1,6,0,0,5,minimal_concern
3,4,7,7,5,0,4,5,8,minimal_concern
8,9,10,8,6,2,0,3,5,minimal_concern
8,4,7,3,9,4,2,6,5,anxiety_risk
0,10,5,10,6,2,8,3,7,stress_distress
2,9,7,3,2,9,10,10,5,anxiety_risk
10,1,4,8,6,0,6,0,4,stress_distress
3,5,3,1,7,1,10,7,4,anxiety_risk
6,6,5,9,5,6,9,9,7,stress_distress
2,3,10,1,6,1,9,3,10,minimal_concern
8,12,6,1,2,0,9,9,10,minimal_concern
1,11,1,3,5,1,9,8,0,depressive_risk
5,0,7,3,8,3,7,4,6,anxiety_risk
9,2,3,5,7,0,0,10,0,anxiety_risk
4,12,5,3,3,10,3,2,1,anxiety_risk
8,4,6,1,7,5,7,5,2,anxiety_risk
2,7,7,5,8,3,7,8,9,anxiety_risk
10,11,2,5,5,9,0,6,0,anxiety_risk
4,5,1,1,6,1,3,10,9,depressive_risk
9,1,2,3,0,9,6,4,3,anxiety_risk
10,9,3,3,5,9,8,0,8,anxiety_risk
3,10,6,10,4,1,9,8,0,burnout_risk
10,1,2,7,1,9,4,9,1,anxiety_risk
3,8,6,3,8,10,8,10,6,anxiety_risk
3,4,9,9,5,8,2,0,7,anxiety_risk
8,7,3,7,7,10,7,7,1,anxiety_risk
6,4,9,5,3,10,9,3,9,anxiety_risk
3,2,6,8,2,4,3,0,2,minimal_concern
9,6,3,10,6,4,7,8,8,stress_distress
0,12,0,7,6,1,4,0,2,minimal_concern
3,2,8,6,6,5,1,7,2,elevated_fatigue
6,11,3,3,3,1,6,10,8,depressive_risk
9,5,4,6,7,6,4,6,8,anxiety_risk
1,12,0,0,7,7,3,4,0,anxiety_risk
10,5,1,9,1,3,2,7,3,minimal_concern
2,5,9,1,5,9,10,7,9,anxiety_risk
5,4,2,10,0,3,0,9,0,minimal_concern
10,11,9,6,0,6,6,4,3,minimal_concern
10,11,3,8,5,5,1,5,6,minimal_concern
6,5,10,1,1,2,1,7,6,minimal_concern
0,7,2,5,7,0,7,5,10,anxiety_risk
10,3,10,5,1,1,7,5,1,minimal_concern
5,6,3,7,8,1,5,2,6,anxiety_risk
10,8,0,6,10,0,1,6,5,anxiety_risk
1,6,0,4,2,1,9,8,6,minimal_concern
3,8,6,7,4,5,6,10,6,minimal_concern
10,9,8,9,9,9,3,9,7,anxiety_risk
6,12,0,3,0,7,8,5,9,anxiety_risk
1,9,6,9,0,5,7,4,8,minimal_concern
8,6,0,5,7,8,9,3,3,anxiety_risk
10,4,7,1,0,2,4,9,2,minimal_concern
4,2,1,5,1,9,8,4,9,anxiety_risk
0,11,0,9,10,8,8,5,1,anxiety_risk
9,5,6,4,9,2,2,10,2,anxiety_risk
2,8,8,6,10,7,4,1,0,anxiety_risk
10,1,9,7,3,2,3,5,8,minimal_concern
8,1,7,0,7,9,9,8,2,anxiety_risk
9,3,3,6,5,9,10,6,0,anxiety_risk
7,12,7,1,0,2,8,1,6,minimal_concern
10,7,8,4,2,4,8,5,7,minimal_concern
6,6,2,4,8,5,8,10,10,anxiety_risk
8,9,10,9,4,10,5,8,3,anxiety_risk
9,6,6,2,1,7,2,3,3,anxiety_risk
7,11,6,8,0,4,7,7,9,minimal_concern
7,2,1,6,0,10,9,0,3,anxiety_risk
5,12,8,8,10,5,10,0,9,anxiety_risk
8,8,6,3,1,0,9,10,5,minimal_concern
1,8,3,6,1,1,8,6,1,minimal_concern
2,12,6,1,6,1,1,10,8,minimal_concern
10,0,1,4,8,8,4,5,3,anxiety_risk
10,6,8,2,6,9,2,10,5,anxiety_risk
8,2,8,0,1,2,5,9,9,minimal_concern
7,1,8,7,9,9,8,4,1,anxiety_risk
4,0,10,2,9,9,1,8,6,anxiety_risk
5,6,9,9,0,1,9,0,10,minimal_concern
5,1,9,6,5,8,5,3,9,anxiety_risk
6,9,2,5,5,5,6,3,10,stress_distress
3,5,6,5,3,1,2,6,2,minimal_concern
1,11,9,7,9,10,7,6,5,anxiety_risk
4,2,1,1,9,5,1,4,1,anxiety_risk
6,7,0,5,1,1,3,0,3,minimal_concern
5,1,4,2,4,9,1,2,2,anxiety_risk
7,5,4,6,1,3,10,8,5,minimal_concern
1,5,8,6,5,2,3,9,9,elevated_fatigue
5,2,4,7,3,7,1,8,10,anxiety_risk
6,0,0,8,8,6,8,3,8,anxiety_risk
6,2,7,5,6,1,0,3,8,minimal_concern
5,11,8,3,7,8,6,9,4,anxiety_risk
0,2,9,0,9,0,4,4,10,anxiety_risk
7,12,5,10,8,0,0,5,1,anxiety_risk
2,11,6,10,10,8,3,1,7,anxiety_risk
10,12,5,7,10,6,8,5,1,anxiety_risk
0,7,10,5,6,9,10,7,6,anxiety_risk
4,1,8,6,5,5,1,1,2,minimal_concern
3,2,8,9,2,0,8,8,3,burnout_risk
3,0,5,4,10,5,8,2,0,anxiety_risk
3,0,6,6,4,7,3,6,9,anxiety_risk
7,2,5,1,8,8,5,5,5,anxiety_risk
5,4,7,1,2,0,4,6,10,minimal_concern
7,0,5,2,4,2,10,0,0,minimal_concern
0,12,9,2,4,1,1,8,9,minimal_concern
5,11,4,10,8,8,0,4,3,anxiety_risk
6,12,1,8,6,4,6,4,9,stress_distress
4,6,0,3,1,0,10,1,9,minimal_concern
9,3,0,0,9,10,7,0,5,anxiety_risk
5,10,0,10,5,1,8,9,3,burnout_risk
3,4,7,4,4,9,10,1,5,anxiety_risk
4,0,5,3,7,8,4,7,3,anxiety_risk
2,5,10,9,9,3,5,6,2,anxiety_risk
1,3,1,9,0,3,3,5,3,minimal_concern
0,6,4,1,2,2,3,4,10,minimal_concern
1,0,9,5,7,4,2,5,3,anxiety_risk
3,12,3,7,9,10,6,8,9,anxiety_risk
0,7,10,0,10,3,6,3,3,anxiety_risk
0,0,3,7,5,10,1,3,6,anxiety_risk
0,4,2,9,6,0,1,7,4,elevated_fatigue
9,6,10,3,0,4,3,9,9,minimal_concern
5,4,2,2,2,10,6,7,7,anxiety_risk
9,6,9,2,3,3,3,1,3,minimal_concern
4,1,5,7,4,10,0,9,1,anxiety_risk
1,8,2,3,4,9,1,0,9,anxiety_risk
5,8,9,8,0,10,2,4,3,anxiety_risk
4,10,10,3,7,8,7,8,2,anxiety_risk
2,8,9,3,3,9,9,10,1,anxiety_risk
9,7,1,5,9,1,5,2,9,anxiety_risk
8,9,9,6,4,0,10,3,3,minimal_concern
0,12,0,5,7,8,5,6,10,anxiety_risk
10,1,1,0,8,4,8,9,3,anxiety_risk
7,10,5,1,5,2,7,6,10,stress_distress
2,2,2,5,2,10,7,8,6,anxiety_risk
9,12,5,4,7,8,4,1,4,anxiety_risk
2,12,1,8,4,6,9,0,2,minimal_concern
6,12,9,0,5,5,1,1,1,minimal_concern
0,1,2,5,7,4,5,2,5,anxiety_risk
1,1,6,4,4,1,3,6,8,minimal_concern
2,12,6,4,2,3,2,6,0,minimal_concern
9,8,5,4,9,5,10,6,10,anxiety_risk
5,8,4,2,3,7,4,0,9,anxiety_risk
1,11,3,5,2,7,8,6,2,anxiety_risk
6,3,7,1,6,1,2,9,7,minimal_concern
8,0,10,5,3,0,8,4,1,minimal_concern
6,4,3,8,9,0,0,4,8,anxiety_risk
6,5,6,8,10,3,9,0,8,anxiety_risk
10,2,6,9,9,5,0,10,8,anxiety_risk
9,7,4,5,8,7,5,10,4,anxiety_risk
0,3,1,10,7,7,6,9,3,anxiety_risk
3,8,10,7,1,5,6,4,1,minimal_concern
1,0,6,8,8,7,2,1,4,anxiety_risk
0,6,7,9,3,0,7,5,9,minimal_concern
3,3,6,0,5,1,0,1,4,minimal_concern
2,8,7,4,9,3,9,4,2,anxiety_risk
8,10,3,6,10,5,8,3,7,anxiety_risk
6,8,10,0,4,8,10,10,7,anxiety_risk
6,3,0,6,8,7,3,8,8,anxiety_risk
8,4,2,0,10,4,9,7,7,anxiety_risk
5,8,1,4,4,9,6,1,7,anxiety_risk
2,10,7,1,1,3,0,6,8,minimal_concern
1,7,9,4,2,1,8,8,2,burnout_risk
5,0,10,10,3,7,9,1,7,anxiety_risk
3,3,6,4,0,9,3,7,0,anxiety_risk
10,7,7,5,7,0,8,3,6,anxiety_risk
4,12,1,9,2,9,2,2,1,anxiety_risk
9,1,10,7,8,8,1,8,2,anxiety_risk
8,9,2,2,1,4,2,1,7,minimal_concern
10,0,8,5,2,0,5,8,4,minimal_concern
7,0,6,3,7,7,6,8,6,anxiety_risk
0,1,1,4,1,1,9,3,9,minimal_concern
3,6,8,4,3,3,1,9,8,minimal_concern
6,1,9,10,0,2,9,0,10,minimal_concern
3,9,8,0,7,3,4,0,10,anxiety_risk
8,11,1,6,4,4,3,6,4,minimal_concern
3,1,6,0,0,1,6,0,9,minimal_concern
5,6,8,7,4,6,10,0,9,minimal_concern
1,2,6,2,6,1,9,10,3,burnout_risk
2,9,7,2,2,4,7,8,1,burnout_risk
4,10,10,0,6,1,3,4,8,minimal_concern
10,8,8,9,6,10,6,3,5,anxiety_risk
5,6,3,7,0,4,9,3,3,minimal_concern
5,11,2,5,0,2,9,2,4,minimal_concern
4,1,1,4,7,9,0,7,9,anxiety_risk
1,0,8,7,5,3,1,7,4,elevated_fatigue
7,5,1,7,5,6,4,7,9,minimal_concern
2,1,2,2,8,10,8,0,2,anxiety_risk
2,8,9,3,5,6,6,9,3,minimal_concern
0,11,1,0,6,0,5,8,2,depressive_risk
1,5,6,10,0,10,1,4,6,anxiety_risk
10,5,3,5,7,8,0,6,2,anxiety_risk
10,2,0,10,1,1,8,8,4,minimal_concern
7,2,2,9,6,0,1,3,3,minimal_concern
3,5,6,4,10,5,2,1,8,anxiety_risk
3,3,8,4,9,4,10,6,7,anxiety_risk
8,12,0,0,4,0,6,8,9,depressive_risk
10,7,1,6,2,10,3,5,4,anxiety_risk
2,7,0,10,0,8,10,3,6,anxiety_risk
8,9,6,8,5,8,9,2,0,anxiety_risk
1,3,10,2,0,5,2,0,3,minimal_concern
0,4,4,8,9,8,4,10,5,anxiety_risk
7,7,3,9,10,2,10,3,3,anxiety_risk
2,10,5,7,2,8,3,8,6,anxiety_risk
0,2,3,7,6,3,9,8,5,elevated_fatigue
0,2,0,1,4,9,4,7,6,anxiety_risk
7,0,0,5,1,1,9,1,10,minimal_concern
6,9,0,8,7,6,9,2,8,anxiety_risk
6,7,6,7,4,10,7,1,3,anxiety_risk
8,4,5,1,2,3,5,3,7,minimal_concern
7,3,6,6,5,7,4,4,10,anxiety_risk
6,0,8,5,8,0,10,3,10,anxiety_risk
10,11,7,8,6,0,10,3,8,minimal_concern
3,7,4,2,8,5,10,10,0,anxiety_risk
5,8,0,1,7,2,6,0,2,anxiety_risk
8,1,2,2,1,1,5,5,6,depressive_risk
5,8,2,6,7,8,0,8,8,anxiety_risk
4,12,4,2,7,0,2,6,5,anxiety_risk
4,3,2,4,8,6,8,9,3,anxiety_risk
8,1,3,3,5,6,2,9,4,depressive_risk
8,11,7,4,0,5,8,7,9,minimal_concern
8,12,5,10,0,5,10,8,5,minimal_concern
4,5,7,1,7,5,8,1,9,anxiety_risk
0,8,3,5,10,2,0,9,3,anxiety_risk
9,7,3,6,4,1,2,7,10,minimal_concern
10,9,1,8,0,2,3,10,6,minimal_concern
6,5,8,10,8,1,0,10,5,anxiety_risk
0,10,3,4,8,4,5,6,8,anxiety_risk
4,12,4,9,4,7,4,10,3,anxiety_risk
5,9,0,6,0,0,6,5,0,minimal_concern
2,0,4,5,5,0,8,6,7,stress_distress
9,8,10,4,9,4,2,1,3,anxiety_risk
10,3,6,1,7,1,6,5,2,anxiety_risk
9,7,5,5,3,1,6,9,1,minimal_concern
2,6,7,2,0,7,4,5,3,anxiety_risk
9,3,0,3,7,8,0,0,2,anxiety_risk
7,5,10,10,7,7,3,9,9,anxiety_risk
3,12,9,7,1,9,7,5,2,anxiety_risk
9,7,1,8,6,4,4,1,5,minimal_concern
6,10,0,2,10,3,4,7,6,anxiety_risk
10,8,8,4,1,1,9,5,5,minimal_concern
7,6,8,1,10,5,8,9,9,anxiety_risk
8,9,5,1,7,6,2,8,8,anxiety_risk
5,4,10,6,9,2,0,10,9,anxiety_risk
0,0,9,5,2,10,3,6,9,anxiety_risk
8,10,1,1,5,8,10,1,6,anxiety_risk
9,0,5,7,4,10,3,10,3,anxiety_risk
1,8,0,3,10,5,5,6,4,anxiety_risk
3,10,2,2,3,10,2,5,10,anxiety_risk
6,12,4,0,2,7,2,8,9,anxiety_risk
10,10,0,7,8,8,9,0,9,anxiety_risk
0,11,0,0,7,1,3,7,6,anxiety_risk
2,10,7,2,3,3,2,0,3,minimal_concern
6,12,5,3,10,2,0,9,6,anxiety_risk
1,0,3,0,0,9,6,5,5,anxiety_risk
9,12,2,3,5,10,7,9,7,anxiety_risk
8,1,5,10,9,8,8,3,9,anxiety_risk
1,3,6,6,10,10,3,10,4,anxiety_risk
6,2,8,5,6,5,6,9,7,minimal_concern
1,9,5,8,3,0,1,10,2,minimal_concern
2,10,0,0,4,6,2,10,0,depressive_risk
2,6,3,6,0,10,10,2,7,anxiety_risk
2,4,2,5,6,8,6,10,1,anxiety_risk
7,1,1,8,9,4,1,3,0,anxiety_risk
4,3,5,0,6,0,9,5,3,stress_distress
8,9,4,0,0,5,5,7,9,minimal_concern
9,10,7,10,7,0,1,5,5,anxiety_risk
2,9,2,4,7,5,0,0,10,anxiety_risk
1,3,8,8,6,5,3,2,8,minimal_concern
4,3,5,7,3,10,5,4,0,anxiety_risk
4,2,10,3,10,7,6,0,5,anxiety_risk
0,3,7,8,6,3,3,4,7,minimal_concern
5,11,6,1,9,7,2,4,7,anxiety_risk
1,7,7,4,9,1,8,9,9,anxiety_risk
7,5,8,5,10,1,4,6,4,anxiety_risk
5,2,5,7,3,9,5,4,7,anxiety_risk
10,9,4,8,8,6,9,3,0,anxiety_risk
5,0,5,8,0,4,4,6,2,minimal_concern
8,2,1,3,5,2,10,10,10,depressive_risk
9,9,10,6,5,10,2,10,5,anxiety_risk
6,9,1,9,7,9,4,8,5,anxiety_risk
5,1,2,2,7,3,7,2,8,anxiety_risk
7,12,4,5,5,4,10,3,0,stress_distress
1,9,10,6,0,10,7,5,5,anxiety_risk
6,1,1,6,2,8,10,8,5,anxiety_risk
7,10,1,1,4,2,6,5,5,depressive_risk
1,11,3,3,5,10,6,10,10,anxiety_risk
8,1,0,6,4,3,10,4,6,minimal_concern
5,4,7,2,9,3,5,2,1,anxiety_risk
2,1,6,9,2,10,0,10,8,anxiety_risk
3,10,6,6,4,1,2,10,10,minimal_concern
0,4,10,1,6,10,3,2,2,anxiety_risk
7,12,1,0,7,2,7,0,9,anxiety_risk
6,6,5,6,10,8,5,4,1,anxiety_risk
7,3,8,4,9,4,0,5,4,anxiety_risk
8,5,6,9,9,2,10,10,2,anxiety_risk
4,10,4,0,6,0,6,1,3,stress_distress
3,8,1,3,3,9,9,8,6,anxiety_risk
3,3,7,1,2,4,8,6,9,minimal_concern
3,7,0,7,9,6,8,10,1,anxiety_risk
7,12,8,4,4,6,4,0,10,minimal_concern
1,1,4,8,8,7,7,8,0,anxiety_risk
2,10,5,2,0,8,7,4,9,anxiety_risk
7,3,9,6,6,5,4,9,4,minimal_concern
2,9,3,10,4,4,7,8,10,minimal_concern
0,0,5,3,7,2,9,8,9,anxiety_risk
10,8,9,7,6,9,2,4,6,anxiety_risk
3,0,4,6,0,8,0,5,9,anxiety_risk
8,4,4,7,6,5,7,1,8,stress_distress
3,2,9,0,10,1,9,6,7,anxiety_risk
5,12,7,9,1,7,7,4,4,anxiety_risk
3,1,10,4,4,3,1,9,10,elevated_fatigue
1,3,9,5,8,4,1,6,3,anxiety_risk
4,8,1,1,3,2,10,9,5,depressive_risk
5,4,9,2,9,0,5,10,4,anxiety_risk
8,6,1,7,6,5,8,6,8,stress_distress
7,11,8,10,8,0,0,0,1,anxiety_risk
2,7,9,0,9,6,1,2,5,anxiety_risk
10,11,8,2,2,7,6,6,0,anxiety_risk
7,1,3,0,9,9,0,6,6,anxiety_risk
10,4,1,9,7,10,10,1,2,anxiety_risk
8,4,9,1,7,6,9,1,4,anxiety_risk
5,2,6,3,3,4,4,10,10,minimal_concern
1,5,10,0,10,4,0,9,2,anxiety_risk
4,6,3,3,6,3,4,5,4,depressive_risk
1,4,5,7,4,1,9,7,9,elevated_fatigue
2,7,5,6,6,10,9,1,7,anxiety_risk
3,6,1,6,8,8,10,9,5,anxiety_risk
8,10,10,8,4,8,4,0,6,anxiety_risk
5,0,2,9,7,0,2,9,9,anxiety_risk
6,1,10,2,9,2,3,0,1,anxiety_risk
5,2,10,1,7,5,7,7,6,anxiety_risk
10,8,3,7,6,8,9,6,9,anxiety_risk
7,7,1,9,8,10,2,6,6,anxiety_risk
2,5,3,8,10,3,9,3,2,anxiety_risk
8,12,4,7,8,3,0,0,6,anxiety_risk
2,7,2,0,8,6,4,1,3,anxiety_risk
7,4,1,7,7,9,2,4,6,anxiety_risk
0,11,9,9,7,3,7,8,8,anxiety_risk
5,10,9,8,2,7,5,7,1,anxiety_risk
8,0,0,10,0,5,0,1,4,minimal_concern
4,9,0,1,9,9,6,10,5,anxiety_risk
8,6,1,10,1,9,10,3,9,anxiety_risk
0,12,10,3,9,9,7,3,8,anxiety_risk
6,12,0,7,7,4,4,2,2,anxiety_risk
4,2,1,8,4,4,8,4,0,minimal_concern
7,7,0,2,8,4,6,0,4,anxiety_risk
1,7,5,0,7,2,2,2,0,anxiety_risk
6,9,9,8,1,4,5,7,1,minimal_concern
1,11,2,7,5,8,2,10,4,anxiety_risk
5,5,3,9,0,2,1,7,0,minimal_concern
4,5,3,5,7,1,6,9,3,anxiety_risk
5,11,3,8,0,9,9,5,0,anxiety_risk
5,5,0,8,4,10,5,10,10,anxiety_risk
5,3,8,8,7,0,3,10,0,anxiety_risk
3,7,6,4,4,6,1,7,6,minimal_concern
5,12,0,5,6,10,10,7,2,anxiety_risk
10,3,2,4,1,3,5,8,6,minimal_concern
8,1,0,6,7,2,2,5,1,anxiety_risk
5,7,1,3,6,3,10,4,10,stress_distress
7,11,8,9,7,5,7,9,3,anxiety_risk
5,1,4,2,4,8,5,0,2,anxiety_risk
5,10,7,2,4,1,8,0,6,minimal_concern
5,7,1,1,5,0,4,2,4,minimal_concern
5,9,3,9,8,9,4,1,1,anxiety_risk
0,7,10,3,7,3,7,9,7,anxiety_risk
7,0,0,4,1,1,0,4,6,minimal_concern
10,12,0,5,8,5,1,5,8,anxiety_risk
10,12,1,0,8,6,10,0,4,anxiety_risk
1,2,1,1,0,1,8,2,5,minimal_concern
9,12,7,1,5,2,2,7,4,minimal_concern
7,3,8,0,0,4,1,9,10,minimal_concern
6,9,2,3,2,10,9,5,6,anxiety_risk
9,10,2,10,2,4,1,2,10,minimal_concern
5,8,6,7,0,4,6,7,4,minimal_concern
7,1,10,6,2,8,4,4,3,anxiety_risk
6,9,2,8,7,8,4,2,0,anxiety_risk
9,2,10,6,4,3,5,6,8,minimal_concern
0,1,3,1,0,1,4,8,8,depressive_risk
3,8,4,10,8,10,7,0,1,anxiety_risk
9,5,10,6,6,1,2,9,10,minimal_concern
0,11,6,6,1,5,9,9,9,minimal_concern
7,11,10,1,6,7,9,1,6,anxiety_risk
5,9,10,4,6,2,10,0,9,minimal_concern
7,1,3,5,10,4,10,9,9,anxiety_risk
3,2,2,9,7,10,6,5,9,anxiety_risk
8,12,9,5,0,3,6,3,3,minimal_concern
5,11,0,5,0,9,10,8,9,anxiety_risk
4,6,8,4,7,9,4,2,2,anxiety_risk
10,7,7,1,3,3,4,8,2,minimal_concern
9,2,8,9,0,4,5,9,5,minimal_concern
0,6,6,4,5,7,3,9,7,anxiety_risk
9,0,1,0,5,4,1,7,3,depressive_risk
6,10,8,9,7,8,5,0,0,anxiety_risk
0,7,1,1,8,8,8,6,2,anxiety_risk
3,3,4,4,1,9,8,9,2,anxiety_risk
6,3,3,7,5,8,2,8,8,anxiety_risk
2,7,8,5,10,4,8,10,0,anxiety_risk
10,6,9,3,0,3,10,2,8,minimal_concern
0,2,7,4,8,1,6,5,0,anxiety_risk
5,5,4,5,10,6,7,3,5,anxiety_risk
9,4,1,0,7,1,2,2,8,anxiety_risk
10,11,8,5,8,4,2,5,8,anxiety_risk
3,7,6,8,0,4,2,1,0,minimal_concern
10,1,2,3,4,1,10,9,7,depressive_risk
3,5,8,6,7,6,7,3,5,anxiety_risk
4,1,5,5,5,3,2,3,10,minimal_concern
7,7,7,3,10,3,0,7,10,anxiety_risk
9,12,4,1,5,4,10,3,10,stress_distress
4,10,7,5,7,10,7,1,0,anxiety_risk
2,2,5,10,1,3,3,6,3,minimal_concern
8,4,6,1,6,3,9,7,9,stress_distress
6,7,7,6,7,1,7,2,9,anxiety_risk
5,8,8,5,10,6,8,4,3,anxiety_risk
5,2,0,8,6,0,3,1,6,minimal_concern
2,8,7,4,9,1,2,9,0,anxiety_risk
6,8,7,2,1,1,6,8,7,minimal_concern
1,12,2,6,6,5,6,6,2,stress_distress
10,7,10,4,8,8,6,7,4,anxiety_risk
8,0,4,4,7,6,2,5,1,anxiety_risk
6,8,3,5,0,3,2,8,0,minimal_concern
5,11,6,6,5,4,9,6,8,stress_distress
3,9,8,0,5,8,1,0,0,anxiety_risk
1,9,2,4,9,6,2,3,1,anxiety_risk
0,6,2,0,8,7,1,3,4,anxiety_risk
10,1,0,4,4,0,8,5,5,minimal_concern
2,11,3,9,8,9,0,1,9,anxiety_risk
4,11,9,6,4,9,2,7,8,anxiety_risk
6,2,7,0,5,5,9,5,9,minimal_concern
7,9,8,0,7,4,3,10,0,anxiety_risk
1,4,5,0,10,1,5,5,0,anxiety_risk
0,1,5,0,10,3,0,7,4,anxiety_risk
8,3,1,5,2,9,0,2,4,anxiety_risk
1,4,0,8,2,9,4,3,0,anxiety_risk
5,2,8,8,8,5,4,2,7,anxiety_risk
3,11,4,4,3,0,3,4,4,minimal_concern
2,0,9,0,10,4,4,1,1,anxiety_risk
9,3,4,7,5,9,6,1,9,anxiety_risk
7,1,8,9,5,6,0,10,2,minimal_concern
7,12,0,4,6,9,10,9,8,anxiety_risk
8,3,8,1,5,1,9,10,3,burnout_risk
10,3,9,0,1,2,8,3,0,minimal_concern
4,0,4,6,10,8,9,4,5,anxiety_risk
9,12,6,9,5,2,3,3,2,minimal_concern
1,12,5,9,7,5,6,10,1,anxiety_risk
9,6,2,2,9,8,5,3,5,anxiety_risk
2,9,1,2,8,10,10,7,2,anxiety_risk
8,5,6,6,6,9,9,6,3,anxiety_risk
10,8,4,5,3,7,2,8,5,anxiety_risk
7,1,2,3,4,2,7,10,9,depressive_risk
6,8,1,6,9,9,5,6,4,anxiety_risk
6,2,1,10,10,8,5,9,5,anxiety_risk
10,10,9,2,1,10,7,0,8,anxiety_risk
1,6,0,2,10,9,9,6,9,anxiety_risk
4,6,1,10,8,10,9,7,2,anxiety_risk
3,8,2,5,6,10,5,8,9,anxiety_risk
4,8,2,5,8,2,3,2,0,anxiety_risk
0,1,3,6,4,9,0,2,10,anxiety_risk
4,3,10,5,6,5,2,2,6,minimal_concern
0,0,4,1,5,9,5,7,8,anxiety_risk
1,7,2,8,9,3,7,1,0,anxiety_risk
3,10,5,2,0,3,10,6,6,minimal_concern
1,11,4,8,6,7,2,7,9,anxiety_risk
1,6,2,0,7,1,6,7,6,anxiety_risk
3,8,9,9,9,8,5,8,1,anxiety_risk
2,7,7,3,3,4,0,10,2,minimal_concern
3,11,8,10,3,9,3,4,0,anxiety_risk
0,5,7,0,10,3,5,8,0,anxiety_risk
8,1,9,5,9,10,7,3,1,anxiety_risk
10,11,5,10,2,7,6,4,3,anxiety_risk
2,3,7,10,9,1,7,4,10,anxiety_risk
5,6,6,7,3,8,9,2,6,anxiety_risk
10,0,4,9,3,6,3,0,8,minimal_concern
4,10,9,1,5,3,9,10,0,burnout_risk
6,12,2,6,2,8,3,8,0,anxiety_risk
7,8,7,6,5,5,8,2,3,minimal_concern
2,10,3,5,9,2,2,10,0,anxiety_risk
9,8,5,10,1,3,2,7,7,minimal_concern
7,3,10,8,0,10,7,9,8,anxiety_risk
3,0,5,6,10,6,8,0,5,anxiety_risk
3,6,5,0,5,9,5,9,0,anxiety_risk
1,8,2,8,10,6,10,4,2,anxiety_risk
8,3,4,0,1,1,2,8,3,minimal_concern
6,11,1,5,1,6,7,4,7,minimal_concern
1,5,6,8,4,7,8,2,2,anxiety_risk
7,3,1,5,6,8,6,7,0,anxiety_risk
10,3,4,9,10,2,1,6,8,anxiety_risk
10,0,2,6,6,10,2,4,0,anxiety_risk
2,2,4,0,5,4,3,3,7,minimal_concern
5,10,6,2,9,3,6,8,9,anxiety_risk
5,7,9,10,8,8,10,10,8,anxiety_risk
0,0,0,10,1,1,4,4,2,minimal_concern
6,11,0,0,4,5,9,6,2,depressive_risk
3,8,10,1,6,1,1,1,4,minimal_concern
4,5,7,5,5,9,6,7,6,anxiety_risk
1,0,4,10,6,9,8,9,4,anxiety_risk
4,8,10,6,3,1,3,4,7,minimal_concern
3,8,5,0,6,5,5,1,5,minimal_concern
1,3,10,4,3,10,8,6,7,anxiety_risk
7,5,2,10,8,4,9,0,0,anxiety_risk
7,7,0,4,1,5,5,6,0,minimal_concern
4,10,0,7,7,5,8,10,1,anxiety_risk
3,12,5,5,6,0,3,3,4,minimal_concern
6,9,1,0,4,4,6,3,2,minimal_concern
4,1,4,3,10,8,9,10,8,anxiety_risk
9,12,10,5,2,5,1,4,6,minimal_concern
4,11,8,5,4,0,5,8,5,minimal_concern
9,6,0,9,5,6,1,6,2,minimal_concern
7,9,2,8,0,0,1,6,6,minimal_concern
6,8,7,4,4,7,3,3,6,anxiety_risk
9,11,10,9,4,8,5,10,5,anxiety_risk
6,9,8,3,2,4,5,3,10,minimal_concern
0,3,9,3,6,7,6,8,4,anxiety_risk
5,2,9,6,2,8,8,8,1,anxiety_risk
0,12,1,4,5,2,5,10,4,minimal_concern
4,1,1,3,4,4,1,0,2,minimal_concern
1,11,7,9,2,8,9,8,4,anxiety_risk
3,6,7,3,2,4,5,8,5,minimal_concern
6,1,5,5,9,3,2,2,6,anxiety_risk
5,7,0,9,6,8,3,2,8,anxiety_risk
4,9,4,0,3,4,9,8,4,minimal_concern
3,10,9,9,7,7,8,2,2,anxiety_risk
8,2,8,6,5,1,2,5,9,minimal_concern
2,8,0,4,1,4,0,5,3,minimal_concern
1,7,0,0,5,5,0,5,2,depressive_risk
4,3,5,4,2,5,5,2,2,minimal_concern
1,11,3,10,0,10,9,4,9,anxiety_risk
8,0,7,3,4,10,5,1,6,anxiety_risk
1,2,2,7,9,6,1,4,4,anxiety_risk
10,6,10,8,2,6,8,0,10,minimal_concern
7,2,8,8,7,2,0,6,7,anxiety_risk
10,10,9,8,7,3,3,8,7,anxiety_risk
4,0,9,0,9,4,8,9,8,anxiety_risk
8,1,6,0,0,7,1,3,3,anxiety_risk
9,11,6,4,4,10,6,10,1,anxiety_risk
1,4,7,1,6,6,1,8,0,elevated_fatigue
2,4,6,0,9,2,3,5,7,anxiety_risk
10,7,4,5,5,0,10,4,0,stress_distress
2,7,1,6,10,3,5,0,9,anxiety_risk
4,0,1,10,7,7,6,3,3,anxiety_risk
1,5,9,2,4,9,1,8,5,anxiety_risk
10,12,8,8,7,2,4,8,7,anxiety_risk
10,3,1,5,1,7,5,1,9,anxiety_risk
1,1,5,7,7,5,9,2,3,anxiety_risk
0,10,2,5,4,6,9,2,1,minimal_concern
4,0,10,0,5,6,3,10,8,minimal_concern
0,5,6,6,0,7,5,6,8,anxiety_risk
5,2,3,0,9,3,6,4,6,anxiety_risk
4,0,5,3,10,10,1,4,9,anxiety_risk
5,2,10,4,6,9,9,1,10,anxiety_risk
1,11,4,7,6,10,3,8,6,anxiety_risk
7,6,0,3,8,9,5,7,9,anxiety_risk
8,11,2,0,0,5,4,4,8,minimal_concern
5,2,4,8,1,6,6,9,1,minimal_concern
8,11,0,0,4,4,8,3,3,minimal_concern
4,9,0,5,1,6,10,4,1,minimal_concern
4,2,2,2,7,4,5,7,7,anxiety_risk
6,6,7,3,5,2,4,0,8,minimal_concern
8,11,6,3,7,7,6,3,1,anxiety_risk
6,2,3,9,8,10,2,4,1,anxiety_risk
3,5,3,0,3,10,5,4,2,anxiety_risk
8,0,10,9,2,0,3,1,6,minimal_concern
7,10,8,1,3,3,8,6,9,minimal_concern
8,10,6,10,8,3,6,1,4,anxiety_risk
10,12,1,2,3,10,3,0,3,anxiety_risk
3,12,2,6,9,6,1,7,0,anxiety_risk
8,1,3,6,1,5,7,7,4,minimal_concern
1,10,2,5,0,7,6,2,1,anxiety_risk
6,8,6,3,2,8,6,10,1,anxiety_risk
2,6,10,6,3,0,5,10,9,minimal_concern
8,0,9,5,7,1,9,5,9,anxiety_risk
8,7,7,8,9,0,0,6,9,anxiety_risk
4,11,7,2,1,6,5,1,6,minimal_concern
5,9,0,9,1,4,6,2,7,minimal_concern
6,1,3,7,1,1,8,3,2,minimal_concern
10,1,10,10,10,6,0,5,6,anxiety_risk
9,3,0,2,2,6,1,4,10,minimal_concern
9,8,6,5,4,6,8,8,7,minimal_concern
8,8,1,7,5,6,1,7,8,minimal_concern
10,0,7,7,8,1,4,2,1,anxiety_risk
10,5,1,1,7,7,4,4,1,anxiety_risk
7,2,10,10,0,2,4,9,6,minimal_concern
6,4,1,1,0,8,6,3,3,anxiety_risk
10,8,6,2,7,6,0,9,6,anxiety_risk
8,7,8,7,4,5,4,8,3,minimal_concern
10,4,4,3,7,1,10,2,1,anxiety_risk
7,4,4,4,7,4,7,0,8,anxiety_risk
1,6,6,3,4,10,1,8,6,anxiety_risk
5,11,5,6,5,8,10,9,3,anxiety_risk
3,11,2,3,2,1,8,3,5,minimal_concern
1,8,9,4,7,7,5,2,1,anxiety_risk
8,12,10,1,3,1,8,7,10,minimal_concern
0,4,8,10,1,0,6,3,7,minimal_concern
6,9,3,10,1,6,9,1,2,minimal_concern
0,3,1,4,8,1,9,10,5,anxiety_risk
0,5,2,4,6,3,2,2,9,minimal_concern
2,5,9,4,10,8,5,4,10,anxiety_risk
4,12,3,4,10,9,5,1,6,anxiety_risk
1,4,4,6,0,0,1,4,9,minimal_concern
10,5,9,1,1,8,1,7,10,anxiety_risk
3,3,4,10,8,7,7,7,2,anxiety_risk
9,3,5,9,10,7,8,5,3,anxiety_risk
1,4,5,2,4,3,0,6,4,minimal_concern
2,6,5,8,6,4,9,8,1,burnout_risk
7,1,0,3,5,9,4,2,3,anxiety_risk
1,3,1,6,3,4,5,4,5,minimal_concern
4,12,3,5,3,6,2,0,3,minimal_concern
6,10,3,0,0,8,8,5,6,anxiety_risk
8,5,5,4,2,2,9,8,8,minimal_concern
6,8,3,7,9,0,9,3,9,anxiety_risk
6,8,8,4,9,4,4,7,7,anxiety_risk
0,11,8,0,8,2,6,2,2,anxiety_risk
0,6,3,8,5,10,2,10,1,anxiety_risk
0,11,10,6,7,10,7,4,6,anxiety_risk
7,12,1,3,0,10,9,4,2,anxiety_risk
8,11,0,5,6,4,8,4,10,stress_distress
9,3,6,4,0,9,7,10,6,anxiety_risk
2,8,5,8,10,10,0,4,10,anxiety_risk
9,10,3,5,3,1,9,5,8,minimal_concern
0,12,0,4,5,7,10,9,5,anxiety_risk
8,11,5,10,8,7,9,6,4,anxiety_risk
3,7,10,3,3,2,2,0,4,minimal_concern
3,8,6,9,3,6,5,9,3,minimal_concern
8,9,9,8,9,6,3,6,8,anxiety_risk
10,8,4,1,10,5,8,1,8,anxiety_risk
2,6,2,7,8,1,0,3,7,anxiety_risk
2,12,5,1,2,9,6,4,8,anxiety_risk
6,1,3,6,4,8,0,5,4,anxiety_risk
0,10,8,2,6,10,0,0,3,anxiety_risk
8,7,9,4,10,7,4,4,6,anxiety_risk
8,12,10,0,3,8,4,8,6,anxiety_risk
8,12,7,0,0,10,9,3,5,anxiety_risk
1,12,0,1,6,4,8,6,9,depressive_risk
3,3,4,10,0,2,0,9,4,elevated_fatigue
4,11,8,10,5,2,6,8,5,minimal_concern
5,2,0,0,6,5,8,7,2,depressive_risk
3,6,5,2,9,0,0,8,2,anxiety_risk
3,6,9,7,5,0,9,9,2,burnout_risk
7,7,2,0,4,1,8,3,9,minimal_concern
6,5,7,0,2,0,0,8,3,minimal_concern
0,2,10,9,0,5,1,2,3,minimal_concern
7,11,2,9,8,6,3,6,5,anxiety_risk
8,9,0,9,8,3,2,7,0,anxiety_risk
8,9,4,2,7,4,7,3,6,anxiety_risk
7,6,1,1,6,5,2,10,10,depressive_risk
9,7,1,10,6,6,2,10,3,minimal_concern
3,12,9,1,4,8,8,4,10,anxiety_risk
9,0,8,1,9,9,2,7,3,anxiety_risk
9,5,4,3,5,5,0,10,3,minimal_concern
10,4,0,4,5,10,9,5,1,anxiety_risk
1,9,5,2,10,5,4,0,3,anxiety_risk
5,0,4,3,10,7,7,1,8,anxiety_risk
3,10,2,10,0,3,3,1,2,minimal_concern
4,8,7,6,3,8,1,6,0,anxiety_risk
10,2,6,6,5,1,5,9,10,minimal_concern
5,0,9,2,0,7,0,5,2,anxiety_risk
2,4,1,3,1,7,7,2,7,anxiety_risk
1,6,3,3,6,0,0,8,5,depressive_risk
3,12,5,4,4,5,9,3,1,minimal_concern
8,9,2,0,10,4,1,8,5,anxiety_risk
7,11,5,10,1,1,8,0,6,minimal_concern
6,12,6,1,8,10,0,8,2,anxiety_risk
3,5,6,3,3,4,4,1,0,minimal_concern
6,5,5,0,3,2,6,3,1,minimal_concern
6,10,5,5,0,7,3,7,10,anxiety_risk
6,1,3,8,6,3,3,2,4,minimal_concern
7,6,1,6,1,9,2,9,5,anxiety_risk
5,9,9,10,10,0,10,2,5,anxiety_risk
6,0,9,1,1,2,1,9,6,minimal_concern
0,1,8,8,8,5,1,3,10,anxiety_risk
9,12,1,6,7,1,9,3,6,anxiety_risk
2,10,3,7,2,5,4,9,2,minimal_concern
2,1,2,5,0,8,9,10,4,anxiety_risk
7,2,2,2,9,3,8,9,10,anxiety_risk
10,1,2,1,7,9,9,4,5,anxiety_risk
8,8,5,10,7,4,0,7,10,anxiety_risk
5,12,3,4,10,9,5,1,9,anxiety_risk
3,9,7,7,0,3,10,3,0,minimal_concern
3,7,7,7,2,1,10,10,5,minimal_concern
9,11,3,2,1,7,6,0,10,anxiety_risk
8,1,9,0,2,1,6,10,9,minimal_concern
8,4,5,7,10,2,4,8,5,anxiety_risk
8,7,6,3,10,4,9,7,9,anxiety_risk
10,4,0,2,1,3,10,2,2,minimal_concern
6,0,1,3,7,4,6,2,6,anxiety_risk
7,12,9,8,7,9,5,3,2,anxiety_risk
4,4,4,6,4,7,8,1,9,anxiety_risk
5,4,2,10,5,7,6,7,1,anxiety_risk
10,10,9,10,5,3,3,8,6,minimal_concern
7,11,4,3,6,9,8,6,10,anxiety_risk
6,12,5,1,6,2,2,0,2,minimal_concern
2,8,3,1,3,8,6,4,8,anxiety_risk
10,1,5,0,1,4,3,5,5,minimal_concern
2,11,1,5,7,10,4,0,10,anxiety_risk
3,1,4,2,10,2,1,9,5,anxiety_risk
5,9,0,10,5,10,0,4,8,anxiety_risk
4,8,5,0,10,7,8,0,7,anxiety_risk
8,2,7,6,7,8,6,8,0,anxiety_risk
9,5,8,4,10,5,4,5,7,anxiety_risk
10,11,8,7,3,6,0,2,4,minimal_concern
3,10,2,10,10,10,4,5,8,anxiety_risk
5,7,6,6,10,7,9,7,8,anxiety_risk
4,2,3,7,3,6,10,3,3,minimal_concern
3,9,8,0,1,9,6,3,1,anxiety_risk
4,7,9,5,6,7,9,2,6,anxiety_risk
8,8,0,6,0,9,6,3,5,anxiety_risk
2,9,10,3,10,7,7,6,2,anxiety_risk
9,5,1,5,0,2,5,5,5,minimal_concern
2,6,10,4,6,4,6,10,6,minimal_concern
1,5,6,2,7,2,10,4,3,anxiety_risk
3,4,2,0,8,3,3,2,8,anxiety_risk
3,8,4,3,8,2,4,3,5,anxiety_risk
3,3,1,4,8,10,4,7,6,anxiety_risk
10,0,6,3,5,1,0,8,6,minimal_concern
7,11,5,6,9,2,9,9,1,anxiety_risk
8,1,5,9,0,7,0,10,7,anxiety_risk
6,0,5,1,2,7,0,1,6,anxiety_risk
1,7,1,4,5,1,2,5,7,minimal_concern
3,7,5,4,10,6,6,9,7,anxiety_risk
0,4,8,0,7,6,9,8,7,anxiety_risk
10,4,9,1,10,5,10,6,7,anxiety_risk
9,1,1,8,10,10,8,6,8,anxiety_risk
6,6,7,7,3,2,5,4,7,minimal_concern
1,3,1,7,3,3,3,3,1,minimal_concern
1,2,0,1,6,8,2,3,7,anxiety_risk
7,6,9,0,7,3,3,2,5,anxiety_risk
8,9,2,2,3,2,9,3,7,minimal_concern
5,3,7,1,5,1,3,8,7,minimal_concern
4,11,7,7,4,4,6,8,6,minimal_concern
0,11,1,8,0,4,3,10,1,minimal_concern
7,0,0,6,1,9,9,10,9,anxiety_risk
7,6,2,5,9,4,0,8,1,anxiety_risk
6,12,0,2,7,8,10,3,6,anxiety_risk
1,1,5,9,9,5,3,3,0,anxiety_risk
5,10,6,4,4,10,6,3,6,anxiety_risk
10,8,6,8,1,10,6,0,8,anxiety_risk
10,3,5,4,6,9,9,3,1,anxiety_risk
10,3,2,3,4,1,3,5,8,depressive_risk
3,10,3,10,0,0,4,5,4,minimal_concern
3,11,2,7,2,0,9,1,10,minimal_concern
6,10,9,4,2,7,4,4,5,anxiety_risk
10,8,6,10,5,4,7,8,0,burnout_risk
9,10,10,3,7,0,4,0,4,anxiety_risk
4,11,2,10,2,3,7,0,6,minimal_concern
8,8,4,4,2,3,10,9,4,minimal_concern
7,12,2,6,4,5,10,1,1,minimal_concern
1,2,3,6,10,7,3,2,9,anxiety_risk
4,2,1,5,4,2,9,7,10,minimal_concern
8,10,4,5,8,3,8,10,4,anxiety_risk
8,6,3,8,0,6,0,6,10,minimal_concern
6,1,5,2,7,3,4,5,6,anxiety_risk
5,5,2,9,9,7,3,7,8,anxiety_risk
7,1,0,4,8,8,9,5,2,anxiety_risk
10,6,1,4,6,9,8,2,7,anxiety_risk
0,0,4,4,2,5,7,8,6,elevated_fatigue
7,0,0,5,10,10,5,7,3,anxiety_risk
10,8,10,6,10,10,9,0,6,anxiety_risk
5,2,5,4,2,9,0,8,8,anxiety_risk
9,7,6,6,8,3,6,4,1,anxiety_risk
9,6,7,4,9,4,7,0,8,anxiety_risk
2,9,3,10,0,0,2,6,10,minimal_concern
7,2,6,10,10,1,9,2,6,anxiety_risk
8,3,9,8,9,5,9,3,9,anxiety_risk
1,4,9,8,7,5,6,4,5,anxiety_risk
3,11,2,7,6,6,2,1,7,minimal_concern
8,0,1,10,7,6,6,4,7,anxiety_risk
5,7,9,1,1,3,8,5,4,minimal_concern
3,0,7,5,9,7,7,2,1,anxiety_risk
9,0,0,6,9,6,9,6,5,anxiety_risk
6,4,1,0,8,8,4,0,8,anxiety_risk
0,7,10,10,7,9,8,2,3,anxiety_risk
8,1,10,1,0,3,2,9,9,minimal_concern
5,6,9,8,6,9,1,0,0,anxiety_risk
0,5,7,3,8,9,8,0,6,anxiety_risk
2,6,4,9,1,0,9,6,7,minimal_concern
4,2,1,8,10,1,7,2,0,anxiety_risk
6,3,8,7,10,2,5,7,10,anxiety_risk
10,10,0,5,10,10,5,3,6,anxiety_risk
9,11,0,10,3,9,4,10,10,anxiety_risk
0,3,2,6,6,10,2,2,7,anxiety_risk
1,0,5,1,0,3,6,1,8,minimal_concern
10,2,3,10,0,2,8,3,2,minimal_concern
1,2,6,0,0,6,3,2,4,minimal_concern
3,2,8,0,9,2,6,0,9,anxiety_risk
1,9,0,8,6,5,10,9,6,stress_distress
7,7,10,4,0,3,4,4,3,minimal_concern
2,8,9,9,1,3,2,10,9,minimal_concern
10,11,8,2,2,6,2,5,10,minimal_concern
1,10,0,7,6,9,1,1,4,anxiety_risk
2,9,4,10,3,8,9,0,0,anxiety_risk
7,12,9,3,9,3,4,0,9,anxiety_risk
5,4,10,4,3,2,8,8,7,minimal_concern
9,2,6,8,0,10,7,0,1,anxiety_risk
10,7,6,7,2,4,4,8,1,minimal_concern
10,11,1,10,2,4,1,8,0,minimal_concern
0,0,0,1,6,10,1,1,8,anxiety_risk
10,2,7,5,4,6,4,7,6,minimal_concern
8,8,4,4,7,5,5,4,2,anxiety_risk
1,7,1,5,1,7,1,6,4,anxiety_risk
4,9,7,4,5,6,6,3,7,minimal_concern
4,11,10,6,6,8,8,1,4,anxiety_risk
3,11,7,10,2,0,4,4,2,minimal_concern
9,2,10,10,4,10,3,9,0,anxiety_risk
4,11,4,3,0,5,1,9,8,minimal_concern
7,1,3,6,4,1,2,3,10,minimal_concern
0,8,10,3,2,8,8,9,5,anxiety_risk
8,2,4,5,3,0,7,0,9,minimal_concern
8,2,1,5,0,1,6,10,5,minimal_concern
4,8,10,8,5,0,6,0,2,minimal_concern
5,4,5,1,6,9,4,2,1,anxiety_risk
6,1,3,1,9,1,8,10,0,anxiety_risk
1,4,7,7,8,4,7,7,8,anxiety_risk
9,2,8,8,6,3,4,4,1,minimal_concern
6,6,6,5,7,10,10,4,6,anxiety_risk
4,2,10,10,6,1,3,6,2,minimal_concern
10,9,2,6,9,9,0,5,0,anxiety_risk
3,7,4,6,0,0,2,6,2,minimal_concern
6,4,9,9,3,10,8,5,4,anxiety_risk
3,11,9,10,3,0,7,1,6,minimal_concern
10,1,0,5,7,10,10,8,5,anxiety_risk
5,8,1,4,6,7,1,2,0,anxiety_risk
2,10,3,9,1,3,5,9,2,minimal_concern
7,5,5,6,4,2,7,5,5,minimal_concern
6,2,7,5,1,6,9,8,3,burnout_risk
9,1,3,7,4,9,7,1,9,anxiety_risk
4,3,8,9,0,0,1,1,5,minimal_concern
6,6,5,4,7,8,10,4,8,anxiety_risk
5,9,10,9,8,6,2,1,5,anxiety_risk
7,1,8,2,3,10,8,7,3,anxiety_risk
0,12,5,10,8,8,10,7,8,anxiety_risk
9,4,9,5,8,8,6,2,1,anxiety_risk
1,0,6,1,2,6,5,6,7,minimal_concern
9,10,3,0,4,6,7,1,5,minimal_concern
9,9,8,4,10,3,5,7,1,anxiety_risk
9,8,2,10,3,1,7,7,6,minimal_concern
3,9,9,6,8,0,0,1,3,anxiety_risk
1,3,2,1,9,9,8,6,7,anxiety_risk
9,11,3,9,10,9,9,6,8,anxiety_risk
8,11,6,8,8,4,10,3,6,anxiety_risk
8,5,6,7,5,8,1,3,6,anxiety_risk
2,6,8,8,3,1,7,7,3,burnout_risk
10,12,8,9,10,0,10,0,5,anxiety_risk
2,10,2,8,10,9,5,3,2,anxiety_risk
7,0,8,6,8,1,4,3,5,anxiety_risk
10,4,7,0,8,6,5,3,3,anxiety_risk
2,6,6,1,2,0,1,9,6,minimal_concern
6,10,8,0,5,2,4,4,4,minimal_concern
8,0,4,4,4,8,6,0,5,anxiety_risk
6,9,1,3,1,4,2,1,10,minimal_concern
6,0,10,4,5,1,6,7,8,minimal_concern
6,9,8,6,9,2,7,6,1,anxiety_risk
8,8,10,3,0,7,2,7,4,anxiety_risk
6,12,7,6,7,4,4,0,5,anxiety_risk
6,12,3,5,5,9,8,0,9,anxiety_risk
0,12,9,5,1,7,6,5,10,anxiety_risk
6,7,9,1,1,0,5,8,6,minimal_concern
3,12,3,9,10,6,3,10,9,anxiety_risk
0,6,1,6,1,10,8,9,7,anxiety_risk
8,3,9,5,10,10,6,9,3,anxiety_risk
9,10,4,10,9,6,9,10,0,anxiety_risk
7,9,1,5,5,3,3,5,2,minimal_concern
7,12,7,4,2,8,4,3,10,anxiety_risk
3,10,9,5,1,4,2,6,1,minimal_concern
6,9,1,1,7,8,9,4,6,anxiety_risk
0,5,0,5,9,0,7,2,3,anxiety_risk
3,3,1,9,0,5,9,3,6,minimal_concern
9,3,10,1,1,9,3,3,7,anxiety_risk
10,7,5,9,3,7,0,10,2,anxiety_risk
8,4,5,1,6,7,8,3,3,anxiety_risk
9,10,0,3,8,0,7,5,6,anxiety_risk
6,6,6,0,8,1,9,9,6,anxiety_risk
5,2,0,4,7,4,4,7,0,anxiety_risk
0,4,4,2,1,5,7,3,2,minimal_concern
5,2,6,1,4,0,9,2,2,minimal_concern
1,11,5,1,1,5,4,10,10,minimal_concern
10,2,2,8,0,5,7,0,5,minimal_concern
10,0,7,10,3,1,7,0,8,minimal_concern
3,10,1,0,6,9,10,3,2,anxiety_risk
5,4,4,9,1,0,0,9,6,minimal_concern
7,1,10,0,4,4,8,8,5,minimal_concern
10,3,4,3,8,1,9,4,0,anxiety_risk
2,2,6,8,9,2,6,4,0,anxiety_risk
0,4,8,3,9,7,7,6,10,anxiety_risk
2,5,2,0,6,6,10,3,10,stress_distress
7,6,0,6,7,4,6,9,10,anxiety_risk
8,3,3,5,4,7,8,3,3,anxiety_risk
4,12,10,0,0,6,2,0,9,minimal_concern
2,8,3,3,0,3,4,2,1,minimal_concern
6,3,1,7,1,7,7,9,2,anxiety_risk
1,10,0,1,6,9,3,9,7,anxiety_risk
6,10,3,0,4,9,3,0,10,anxiety_risk
0,11,6,8,5,2,4,1,0,minimal_concern
3,0,4,2,9,0,6,7,6,anxiety_risk
0,4,2,5,5,3,9,0,8,stress_distress
9,2,3,0,2,3,0,5,1,depressive_risk
10,4,3,8,2,0,9,5,6,minimal_concern
6,8,6,6,9,7,6,8,3,anxiety_risk
8,2,0,10,9,1,10,5,4,anxiety_risk
8,7,1,3,6,8,3,4,0,anxiety_risk
10,12,1,0,1,0,1,7,9,depressive_risk
4,3,8,0,3,4,2,2,4,minimal_concern
3,12,4,9,0,9,7,0,8,anxiety_risk
7,7,0,2,2,1,1,6,9,depressive_risk
5,7,10,4,9,4,9,0,6,anxiety_risk
8,3,1,9,10,4,1,7,7,anxiety_risk
1,10,6,9,6,1,6,4,8,stress_distress
9,7,10,7,4,0,0,2,10,minimal_concern
1,1,4,0,7,8,0,8,10,anxiety_risk
6,8,5,10,3,10,5,0,1,anxiety_risk
8,6,9,2,6,2,2,1,2,minimal_concern
1,3,7,3,3,5,3,1,1,minimal_concern
10,8,7,1,1,5,0,6,3,minimal_concern
5,8,0,10,9,0,1,3,0,anxiety_risk
6,6,0,3,4,8,7,9,6,anxiety_risk
4,3,7,8,2,9,9,0,10,anxiety_risk
6,1,8,2,2,9,3,2,3,anxiety_risk
10,8,10,2,8,6,4,5,6,anxiety_risk
7,6,0,2,5,4,2,9,8,depressive_risk
0,9,5,4,10,5,5,8,1,anxiety_risk
1,12,6,1,2,8,9,7,5,anxiety_risk
1,11,8,7,6,5,7,7,9,minimal_concern
1,6,2,4,6,9,4,4,4,anxiety_risk
4,0,5,0,2,10,0,7,2,anxiety_risk
5,6,8,8,8,2,7,5,7,anxiety_risk
10,2,1,5,0,0,2,10,9,minimal_concern
9,2,6,8,2,5,1,10,4,minimal_concern
10,2,2,4,5,3,7,6,3,stress_distress
9,9,2,5,0,4,3,0,4,minimal_concern
2,8,8,6,3,1,9,5,9,minimal_concern
7,7,10,1,9,1,9,6,1,anxiety_risk
6,10,2,2,1,1,10,3,6,minimal_concern
4,10,2,0,0,6,9,5,5,depressive_risk
7,0,5,4,10,9,8,0,9,anxiety_risk
3,8,9,10,3,0,0,5,6,minimal_concern
10,5,6,9,9,10,7,2,1,anxiety_risk
0,3,10,7,9,10,3,0,8,anxiety_risk
4,9,0,7,3,9,1,9,4,anxiety_risk
4,6,1,9,4,3,6,4,5,minimal_concern
10,9,1,6,9,0,7,9,8,anxiety_risk
4,1,2,3,10,5,1,6,3,anxiety_risk
3,11,1,7,0,9,4,4,2,anxiety_risk
3,8,6,1,5,4,4,0,0,minimal_concern
3,1,10,1,9,2,9,10,8,anxiety_risk
6,2,9,5,6,9,9,7,0,anxiety_risk
3,6,7,9,10,9,6,2,6,anxiety_risk
7,11,5,0,9,3,4,1,5,anxiety_risk
7,2,1,0,9,4,2,4,8,anxiety_risk
8,5,1,1,10,2,6,9,3,anxiety_risk
7,12,7,5,5,5,0,10,5,minimal_concern
3,10,3,3,8,8,7,8,3,anxiety_risk
9,8,4,10,8,4,6,6,0,anxiety_risk
2,7,4,7,10,4,2,7,6,anxiety_risk
6,11,7,3,2,3,2,5,10,minimal_concern
7,7,9,5,4,5,9,10,2,burnout_risk
2,5,5,10,4,8,1,2,8,anxiety_risk
6,10,7,4,10,0,10,4,6,anxiety_risk
9,0,0,8,6,3,5,5,4,minimal_concern
0,4,9,10,0,5,1,0,3,minimal_concern
2,0,8,4,10,2,6,5,0,anxiety_risk
4,8,8,6,5,3,0,3,4,minimal_concern
4,2,5,3,10,7,6,4,7,anxiety_risk
3,2,5,6,6,5,5,6,6,minimal_concern
2,6,3,4,4,7,3,2,2,anxiety_risk
8,11,4,7,0,5,1,6,10,minimal_concern
6,12,5,1,5,2,6,4,5,stress_distress
0,11,7,6,3,3,5,3,2,minimal_concern
3,9,8,8,0,4,2,7,10,minimal_concern
9,0,5,2,7,2,0,2,7,anxiety_risk
9,10,6,3,6,5,4,2,8,minimal_concern
7,1,3,4,6,6,10,1,3,stress_distress
5,10,4,9,1,8,2,9,9,anxiety_risk
7,12,8,1,3,1,2,5,7,minimal_concern
0,8,8,9,8,5,7,1,2,anxiety_risk
10,4,10,4,8,9,1,7,0,anxiety_risk
10,0,4,4,9,5,10,8,7,anxiety_risk
3,5,6,6,10,7,0,1,6,anxiety_risk
6,11,1,4,1,8,5,10,4,anxiety_risk
6,3,7,2,5,6,2,9,9,minimal_concern
0,12,2,6,2,0,4,8,0,minimal_concern
8,12,10,1,3,7,0,9,5,anxiety_risk
10,6,0,3,6,4,10,8,9,depressive_risk
10,12,2,3,2,7,4,2,0,anxiety_risk
9,6,1,7,5,1,5,8,10,minimal_concern
5,0,10,9,4,8,6,0,3,anxiety_risk
3,0,2,9,5,4,9,7,1,burnout_risk
9,3,7,0,6,1,4,2,4,minimal_concern
5,1,0,1,1,1,0,9,7,depressive_risk
9,2,4,1,6,3,6,5,4,stress_distress
2,12,0,2,1,6,9,5,7,depressive_risk
5,8,8,7,8,0,0,4,10,anxiety_risk
0,11,8,10,5,0,8,10,1,burnout_risk
0,0,10,1,0,3,10,0,4,minimal_concern
3,8,8,9,3,9,3,3,5,anxiety_risk
3,3,1,5,4,0,4,10,4,elevated_fatigue
4,11,6,2,5,8,1,10,3,anxiety_risk
8,3,9,2,7,10,9,9,5,anxiety_risk
0,3,7,4,1,4,9,4,3,minimal_concern
8,12,8,5,5,8,7,4,4,anxiety_risk
2,6,5,1,7,1,8,5,6,anxiety_risk
7,10,6,7,0,9,1,4,10,anxiety_risk
5,1,2,7,0,3,7,8,8,minimal_concern
7,9,10,3,0,4,9,4,6,minimal_concern
1,3,10,1,6,1,9,6,5,minimal_concern
7,6,9,10,4,2,9,0,1,minimal_concern
3,11,10,9,7,2,6,10,9,anxiety_risk
8,7,10,4,4,5,10,6,0,minimal_concern
4,4,6,1,10,4,2,1,7,anxiety_risk
0,0,5,6,10,4,8,5,2,anxiety_risk
9,11,5,5,6,7,2,3,8,anxiety_risk
0,6,10,5,1,4,3,6,0,minimal_concern
2,2,3,8,3,8,1,9,1,anxiety_risk
4,7,9,2,3,9,0,2,2,anxiety_risk
0,4,2,6,7,9,5,10,1,anxiety_risk
3,8,3,8,4,10,8,4,0,anxiety_risk
1,0,10,9,2,0,9,1,6,minimal_concern
3,10,4,6,7,0,4,3,5,anxiety_risk
10,8,1,1,8,6,4,0,8,anxiety_risk
8,7,8,7,4,3,9,9,1,burnout_risk
5,5,0,0,10,8,0,5,0,anxiety_risk
1,8,8,6,7,9,2,0,3,anxiety_risk
6,3,7,10,5,8,2,4,6,anxiety_risk
9,11,10,7,1,5,0,1,6,minimal_concern
9,9,8,8,9,0,3,8,3,anxiety_risk
9,9,0,10,0,10,7,0,1,anxiety_risk
3,8,2,4,1,0,9,2,3,minimal_concern
4,2,1,3,4,9,10,3,4,anxiety_risk
6,8,6,2,4,4,9,1,6,minimal_concern
5,9,10,6,5,7,10,10,4,anxiety_risk
7,5,1,7,10,1,4,6,3,anxiety_risk
2,4,4,8,3,10,6,0,7,anxiety_risk
8,10,9,6,2,10,5,0,3,anxiety_risk
4,0,2,8,7,2,6,9,2,anxiety_risk
4,7,5,5,7,2,3,5,9,anxiety_risk
3,12,8,7,2,3,3,7,7,minimal_concern
8,9,0,6,1,4,8,10,2,burnout_risk
1,0,6,5,6,9,5,5,0,anxiety_risk
1,4,10,9,9,7,3,3,6,anxiety_risk
8,3,8,9,2,3,4,2,3,minimal_concern
2,11,7,8,4,0,7,0,5,minimal_concern
4,11,2,5,7,0,7,4,5,anxiety_risk
5,10,3,2,5,9,7,6,0,anxiety_risk
6,2,5,4,5,10,8,8,0,anxiety_risk
1,4,8,3,8,2,7,6,10,anxiety_risk
7,3,5,1,10,5,3,9,6,anxiety_risk
5,6,1,0,7,5,8,4,7,anxiety_risk
9,8,1,7,1,7,7,6,1,anxiety_risk
10,9,3,4,3,3,0,1,7,minimal_concern
6,5,9,1,7,3,0,6,5,anxiety_risk
4,1,7,7,10,8,2,2,0,anxiety_risk
4,8,5,0,7,3,5,0,8,anxiety_risk
9,7,1,5,6,9,4,4,7,anxiety_risk
2,8,3,3,1,5,5,4,5,minimal_concern
0,12,7,7,2,6,9,4,9,minimal_concern
2,3,8,2,2,3,10,4,6,minimal_concern
2,0,1,10,8,9,8,0,3,anxiety_risk
4,11,1,3,9,7,6,5,8,anxiety_risk
6,3,7,5,5,2,4,1,8,minimal_concern
0,3,9,6,0,7,0,10,5,anxiety_risk
5,8,8,6,9,1,0,10,9,anxiety_risk
0,2,3,7,4,10,6,7,6,anxiety_risk
2,2,8,7,1,8,8,3,4,anxiety_risk
6,10,7,2,7,9,8,5,8,anxiety_risk
5,10,7,10,1,4,1,8,6,minimal_concern
6,10,6,5,2,7,9,4,8,anxiety_risk
5,9,4,1,0,6,7,7,0,burnout_risk
6,8,5,9,6,0,8,5,6,stress_distress
1,8,3,6,2,9,9,5,3,anxiety_risk
4,6,2,5,3,1,1,0,9,minimal_concern
1,11,3,10,2,8,4,2,4,anxiety_risk
2,10,0,4,0,7,3,7,8,anxiety_risk
8,8,8,1,5,2,3,0,1,minimal_concern
0,12,2,9,3,6,10,1,3,minimal_concern
9,0,2,7,6,8,1,3,7,anxiety_risk
9,9,1,1,7,9,9,1,7,anxiety_risk
3,3,0,1,4,8,2,5,2,anxiety_risk
5,10,4,6,9,4,9,2,5,anxiety_risk
7,12,3,3,4,3,5,0,2,minimal_concern
9,5,2,3,3,8,9,1,3,anxiety_risk
1,9,6,6,10,10,5,3,6,anxiety_risk
3,0,8,5,6,5,5,4,1,minimal_concern
2,5,7,10,2,3,9,5,3,minimal_concern
7,1,4,0,7,3,6,0,7,anxiety_risk
10,5,3,10,5,10,5,10,5,anxiety_risk
3,3,7,0,10,6,0,5,0,anxiety_risk
1,8,5,10,3,8,1,6,4,anxiety_risk
0,9,1,10,1,7,9,4,3,anxiety_risk
9,3,3,6,3,2,6,8,7,minimal_concern
0,6,4,2,2,4,10,4,5,minimal_concern
5,9,9,2,1,9,3,2,0,anxiety_risk
1,9,4,5,3,1,8,10,9,minimal_concern
2,8,1,10,5,4,8,4,8,stress_distress
1,5,0,10,1,1,5,4,5,minimal_concern
9,2,10,6,8,4,8,1,5,anxiety_risk
0,8,2,0,10,9,0,4,2,anxiety_risk
7,6,1,3,4,4,7,1,7,minimal_concern
3,3,6,2,5,1,1,9,8,elevated_fatigue
8,4,10,3,5,0,9,5,1,minimal_concern
1,7,1,7,0,8,3,10,8,anxiety_risk
5,2,2,4,9,1,2,6,1,anxiety_risk
9,9,10,10,2,6,5,6,10,minimal_concern
10,9,5,10,6,3,7,0,0,stress_distress
0,2,4,1,0,9,9,7,2,anxiety_risk
1,11,8,4,5,3,10,9,8,minimal_concern
1,9,10,4,1,5,2,2,6,minimal_concern
5,11,9,3,9,6,4,9,1,anxiety_risk
7,9,7,1,4,1,9,2,1,minimal_concern
9,11,10,8,7,2,8,1,2,anxiety_risk
1,5,1,10,7,2,5,3,6,anxiety_risk
9,9,7,4,6,10,1,7,5,anxiety_risk
10,1,5,7,5,10,3,6,3,anxiety_risk
10,10,5,7,7,0,4,2,0,anxiety_risk
7,5,8,10,9,7,9,4,3,anxiety_risk
4,7,2,4,4,2,10,4,9,minimal_concern
2,9,5,2,7,8,0,10,10,anxiety_risk
2,0,6,0,1,10,0,4,9,anxiety_risk
7,2,3,6,8,1,5,4,9,anxiety_risk
8,12,3,7,9,6,9,7,5,anxiety_risk
3,12,4,5,4,7,8,2,0,anxiety_risk
9,10,3,5,1,0,3,7,5,minimal_concern
2,4,1,8,6,3,8,3,10,stress_distress
2,12,10,5,9,5,10,0,10,anxiety_risk
4,10,8,8,9,5,3,6,6,anxiety_risk
0,10,4,0,3,2,8,0,2,minimal_concern
1,7,9,1,2,1,8,2,9,minimal_concern
3,3,4,3,6,9,6,10,6,anxiety_risk
0,2,7,9,5,9,7,9,1,anxiety_risk
9,9,4,1,9,10,10,2,7,anxiety_risk
1,10,2,2,10,10,1,10,5,anxiety_risk
9,4,1,3,5,6,2,8,2,depressive_risk
7,11,10,9,0,1,1,8,1,minimal_concern
0,2,4,1,1,10,8,6,6,anxiety_risk
10,7,4,9,5,3,9,6,10,stress_distress
7,1,3,6,10,2,0,7,2,anxiety_risk
5,8,3,2,5,8,4,2,10,anxiety_risk
7,5,10,7,9,3,10,4,5,anxiety_risk
3,5,3,2,3,5,0,9,9,depressive_risk
10,5,7,7,7,1,4,2,10,anxiety_risk
7,9,9,1,3,0,0,6,1,minimal_concern
8,11,9,1,3,1,1,0,0,minimal_concern
1,0,9,6,6,10,3,4,0,anxiety_risk
9,1,7,3,4,3,4,2,4,minimal_concern
3,9,10,2,2,0,10,10,9,minimal_concern
0,10,2,0,1,6,4,9,5,depressive_risk
9,3,10,0,6,1,0,1,6,minimal_concern
9,10,4,9,10,2,8,9,5,anxiety_risk
7,3,5,9,5,5,0,10,6,minimal_concern
3,7,0,3,2,4,9,9,6,depressive_risk
4,11,4,3,7,6,7,5,9,anxiety_risk
7,7,1,7,7,2,10,7,8,anxiety_risk
4,0,6,7,4,0,2,0,7,minimal_concern
7,4,5,9,7,5,8,6,4,anxiety_risk
6,10,2,4,10,2,2,6,6,anxiety_risk
6,5,9,6,2,9,10,7,4,anxiety_risk
5,10,9,0,3,0,7,6,10,minimal_concern
0,11,2,3,1,9,8,8,2,anxiety_risk
5,12,3,0,2,1,3,7,8,depressive_risk
10,12,2,3,10,6,8,8,10,anxiety_risk
0,10,3,6,7,9,4,9,8,anxiety_risk
10,7,0,0,2,1,10,4,5,minimal_concern
5,6,9,0,7,8,5,5,1,anxiety_risk
1,7,1,0,4,9,0,3,4,anxiety_risk
2,3,9,6,2,8,8,9,0,anxiety_risk
9,7,0,8,9,0,6,0,4,anxiety_risk
6,5,10,9,8,4,9,2,1,anxiety_risk
5,6,6,9,7,10,10,1,1,anxiety_risk
1,9,1,6,4,7,1,9,8,anxiety_risk
4,5,6,7,0,1,8,8,9,minimal_concern
9,0,8,5,6,3,2,0,4,minimal_concern
4,6,9,2,7,7,10,10,0,anxiety_risk
8,5,2,6,10,4,10,6,0,anxiety_risk
8,7,9,9,2,2,5,6,9,minimal_concern
6,11,10,0,3,2,5,5,5,minimal_concern
7,0,8,9,3,2,6,8,2,minimal_concern
6,11,9,10,6,2,1,5,7,minimal_concern
10,11,1,10,1,0,2,6,4,minimal_concern
7,12,5,10,7,0,6,1,7,anxiety_risk
0,11,5,3,7,9,1,10,1,anxiety_risk
3,11,0,9,5,1,0,2,10,minimal_concern
5,11,1,1,9,8,0,6,2,anxiety_risk
9,6,0,9,10,1,3,3,7,anxiety_risk
1,8,10,5,7,8,2,8,0,anxiety_risk
6,7,5,3,9,7,7,4,3,anxiety_risk
5,8,5,10,1,5,5,2,5,minimal_concern
0,11,10,2,0,6,10,0,7,minimal_concern
8,2,10,0,9,10,4,7,0,anxiety_risk
10,7,10,2,8,8,6,2,3,anxiety_risk
7,12,10,1,4,0,6,6,2,minimal_concern
7,9,9,7,4,7,9,5,7,anxiety_risk
4,5,7,1,10,5,10,8,3,anxiety_risk
1,0,8,6,10,5,3,3,10,anxiety_risk
10,12,4,7,8,8,9,0,7,anxiety_risk
8,6,2,0,1,10,4,7,9,anxiety_risk
8,4,1,4,2,1,4,0,10,minimal_concern
4,5,4,9,6,5,7,7,9,stress_distress
6,6,5,7,6,4,3,5,6,minimal_concern
8,3,7,1,10,10,0,1,1,anxiety_risk
3,6,0,4,1,1,0,5,10,minimal_concern
8,1,9,8,2,10,3,1,6,anxiety_risk
9,12,5,7,1,0,10,9,1,burnout_risk
9,9,5,7,6,9,9,3,9,anxiety_risk
0,1,10,6,6,3,1,8,9,elevated_fatigue
7,12,0,1,10,0,10,0,4,anxiety_risk
1,0,1,5,2,7,9,2,0,anxiety_risk
0,10,6,5,3,4,3,5,8,minimal_concern
6,12,3,0,3,5,1,4,1,minimal_concern
6,3,8,2,10,6,0,10,5,anxiety_risk
0,9,9,1,5,0,0,7,8,minimal_concern
3,7,1,0,1,7,10,7,9,anxiety_risk
10,3,7,6,3,5,8,1,1,minimal_concern
0,5,4,1,8,7,3,7,10,anxiety_risk
0,4,9,2,0,9,1,2,0,anxiety_risk
0,8,1,7,3,5,1,2,10,minimal_concern
6,11,2,7,8,7,10,5,0,anxiety_risk
4,1,5,5,3,3,1,0,7,minimal_concern
8,12,8,1,5,8,10,1,7,anxiety_risk
7,10,1,7,10,9,2,2,4,anxiety_risk
6,6,4,4,0,3,1,6,5,minimal_concern
9,6,7,1,9,10,10,8,8,anxiety_risk
7,3,2,5,1,5,8,6,7,minimal_concern
5,12,6,7,9,0,8,2,2,anxiety_risk
5,1,2,9,2,1,1,4,0,minimal_concern
8,7,3,9,3,6,3,9,3,minimal_concern
2,2,1,5,1,9,4,8,8,anxiety_risk
1,0,3,5,7,9,4,1,4,anxiety_risk
5,12,2,1,10,4,5,2,6,anxiety_risk
2,11,7,5,1,4,9,2,5,minimal_concern
9,3,1,9,2,1,3,10,8,minimal_concern
0,9,0,8,1,5,10,10,10,minimal_concern
4,7,8,5,6,8,2,4,9,anxiety_risk
3,6,3,0,2,10,4,10,9,anxiety_risk
2,5,3,0,8,4,6,10,8,anxiety_risk
8,8,7,0,4,9,3,0,8,anxiety_risk
9,6,5,2,6,8,9,8,9,anxiety_risk
1,4,9,4,0,7,5,7,7,anxiety_risk
0,4,0,2,4,0,10,9,4,depressive_risk
7,1,8,8,3,0,4,8,7,minimal_concern
0,5,6,3,6,7,9,1,1,anxiety_risk
2,3,10,1,1,5,7,5,0,minimal_concern
5,1,1,3,6,6,9,5,1,depressive_risk
4,11,10,4,7,4,5,5,10,anxiety_risk
10,7,9,6,9,2,4,7,8,anxiety_risk
8,5,0,1,8,4,4,3,0,anxiety_risk
6,11,10,2,3,2,8,7,5,minimal_concern
10,10,6,1,4,2,8,10,2,burnout_risk
4,0,8,9,10,3,3,7,2,anxiety_risk
0,2,3,10,7,10,0,6,2,anxiety_risk
8,12,2,6,7,7,10,3,3,anxiety_risk
5,5,4,10,0,7,8,10,6,anxiety_risk
9,8,5,2,2,6,2,7,4,minimal_concern
1,10,9,2,7,2,0,1,8,anxiety_risk
9,6,7,8,0,4,7,10,4,minimal_concern
2,11,6,6,9,7,6,7,3,anxiety_risk
9,6,5,0,6,4,4,0,5,minimal_concern
4,0,1,7,2,2,2,9,9,minimal_concern
3,10,8,10,2,9,0,5,3,anxiety_risk
0,6,9,5,2,3,4,6,7,minimal_concern
3,11,5,10,4,9,0,1,2,anxiety_risk
10,4,3,4,9,6,0,7,3,anxiety_risk
9,10,9,10,0,7,3,0,6,anxiety_risk
2,8,8,1,10,2,5,4,8,anxiety_risk
0,1,5,5,8,3,1,7,9,anxiety_risk
7,8,4,9,3,1,1,2,8,minimal_concern
4,12,7,2,6,6,0,7,8,minimal_concern
2,12,0,5,9,0,10,7,5,anxiety_risk
7,12,5,2,6,1,4,0,10,minimal_concern
4,7,5,9,10,8,6,3,8,anxiety_risk
9,9,6,3,6,5,1,5,3,minimal_concern
3,6,7,3,9,4,1,6,6,anxiety_risk
4,2,6,0,0,5,4,8,0,minimal_concern
0,11,8,4,9,5,8,4,6,anxiety_risk
10,8,2,1,7,10,5,1,1,anxiety_risk
2,1,7,9,1,6,0,9,8,elevated_fatigue
8,3,5,6,10,0,3,3,5,anxiety_risk
5,4,7,4,5,3,0,0,2,minimal_concern
8,3,9,7,2,3,5,10,7,minimal_concern
10,0,1,7,8,6,3,7,8,anxiety_risk
8,10,5,5,5,1,2,5,0,minimal_concern
0,4,3,9,2,1,6,5,8,minimal_concern
0,7,8,6,3,5,3,9,4,minimal_concern
4,8,3,2,1,6,6,9,10,depressive_risk
10,3,7,9,10,8,3,10,1,anxiety_risk
2,0,10,3,7,9,8,3,3,anxiety_risk
9,11,5,9,2,8,8,6,8,anxiety_risk
9,5,9,6,1,4,9,1,5,minimal_concern
1,6,7,9,9,7,3,5,10,anxiety_risk
10,2,1,6,1,7,0,3,1,anxiety_risk
3,2,6,7,7,0,1,5,0,anxiety_risk
3,4,10,9,5,6,0,4,1,minimal_concern
3,6,9,9,1,0,0,10,1,minimal_concern
8,6,10,9,8,3,0,10,0,anxiety_risk
6,12,0,3,0,3,4,9,10,depressive_risk
4,1,10,4,5,10,5,10,3,anxiety_risk
10,8,7,6,7,3,10,0,10,anxiety_risk
7,6,7,3,8,5,5,7,7,anxiety_risk
10,8,10,4,0,5,2,4,0,minimal_concern
0,9,4,3,6,3,4,8,2,minimal_concern
3,5,1,8,0,6,9,5,8,minimal_concern
2,7,2,8,5,5,7,4,9,stress_distress
6,10,6,7,7,0,2,8,10,anxiety_risk
10,7,1,5,8,8,1,5,0,anxiety_risk
10,4,4,10,8,10,4,9,5,anxiety_risk
5,1,6,7,3,1,1,9,7,minimal_concern
1,5,9,1,10,0,4,1,10,anxiety_risk
8,8,2,6,2,2,10,9,4,minimal_concern
8,2,7,4,0,4,10,6,8,minimal_concern
6,11,3,9,4,0,8,9,2,burnout_risk
1,11,8,1,9,4,4,4,7,anxiety_risk
0,1,3,2,7,10,9,7,5,anxiety_risk
6,2,10,9,2,2,4,7,8,minimal_concern
4,8,1,4,8,10,0,10,1,anxiety_risk
7,5,2,4,3,6,9,6,7,minimal_concern
3,6,2,2,9,8,8,10,4,anxiety_risk
4,6,10,9,0,5,10,2,0,minimal_concern
10,11,5,9,9,6,4,10,9,anxiety_risk
5,6,8,6,0,7,3,3,3,anxiety_risk
2,10,2,3,8,8,5,3,5,anxiety_risk
8,6,8,0,2,5,10,4,8,minimal_concern
3,6,3,8,5,3,6,9,3,stress_distress
6,1,2,0,2,5,3,4,3,minimal_concern
0,9,0,6,2,10,4,9,3,anxiety_risk
2,3,3,2,5,9,3,8,0,anxiety_risk
10,10,8,9,6,1,8,5,1,minimal_concern
6,9,3,2,5,8,9,8,3,anxiety_risk
8,8,0,8,8,9,7,7,6,anxiety_risk
6,1,5,8,9,2,6,7,8,anxiety_risk
7,2,5,5,7,2,5,0,7,anxiety_risk
10,7,0,6,10,9,1,2,0,anxiety_risk
0,11,0,9,7,9,10,10,6,anxiety_risk
0,0,0,10,3,7,3,3,7,anxiety_risk
8,3,5,8,7,4,8,6,7,anxiety_risk
0,2,5,6,5,1,3,0,3,minimal_concern
1,7,3,2,7,0,9,5,6,anxiety_risk
9,11,4,2,9,7,3,4,2,anxiety_risk
4,12,4,5,8,5,7,3,0,anxiety_risk
10,8,8,5,9,6,6,3,1,anxiety_risk
3,10,9,7,1,10,10,3,8,anxiety_risk
7,11,9,0,9,1,5,8,3,anxiety_risk
10,2,6,1,3,1,3,2,7,minimal_concern
4,2,4,3,2,3,4,1,6,minimal_concern
8,3,8,2,10,9,9,6,7,anxiety_risk
4,3,0,9,10,3,2,8,2,anxiety_risk
4,2,0,2,4,1,2,10,9,depressive_risk
9,8,2,5,7,5,5,9,0,anxiety_risk
8,0,0,6,2,8,10,5,6,anxiety_risk
9,11,9,5,9,0,7,5,5,anxiety_risk
7,1,0,0,10,4,8,6,8,anxiety_risk
3,11,1,4,10,5,3,9,1,anxiety_risk
1,12,0,0,0,8,4,2,0,anxiety_risk
7,3,1,8,0,7,3,2,10,anxiety_risk
3,0,7,3,10,3,10,4,2,anxiety_risk
2,9,5,0,8,0,2,2,5,anxiety_risk
10,3,10,6,5,7,0,9,0,anxiety_risk
6,8,10,1,1,8,1,3,5,anxiety_risk
4,11,0,6,6,3,9,1,9,stress_distress
2,10,6,9,9,10,0,4,3,anxiety_risk
4,5,3,6,9,1,9,10,9,anxiety_risk
0,5,1,4,4,0,3,4,9,minimal_concern
0,5,8,5,7,5,1,5,3,anxiety_risk
1,5,9,9,2,8,1,8,2,anxiety_risk
6,9,10,3,9,6,4,7,2,anxiety_risk
2,11,3,8,3,0,4,6,3,minimal_concern
3,8,1,3,7,1,9,10,0,anxiety_risk
10,12,8,3,6,3,2,2,2,minimal_concern
4,7,10,10,0,5,10,7,8,minimal_concern
1,11,1,3,4,9,0,6,3,anxiety_risk
7,4,0,1,3,0,10,3,6,minimal_concern
0,9,1,1,0,0,1,9,8,depressive_risk
4,10,3,7,8,0,8,8,7,anxiety_risk
3,11,7,9,0,7,0,6,2,anxiety_risk
7,9,5,3,9,1,1,2,7,anxiety_risk
2,2,7,6,8,7,0,3,1,anxiety_risk
6,6,1,6,9,4,0,4,2,anxiety_risk
8,1,5,5,2,1,7,4,10,minimal_concern
3,3,7,6,1,3,1,2,0,minimal_concern
0,9,9,2,9,9,1,5,9,anxiety_risk
8,12,9,0,7,6,1,8,10,anxiety_risk
4,10,0,3,6,8,9,9,8,anxiety_risk
9,6,10,8,1,7,5,5,8,anxiety_risk
0,0,6,4,5,0,5,2,2,minimal_concern
4,9,1,9,0,5,8,7,1,burnout_risk
4,8,0,5,5,10,9,9,7,anxiety_risk
6,12,5,5,7,7,3,9,1,anxiety_risk
8,6,8,5,3,0,8,8,7,minimal_concern
5,8,8,10,4,2,1,9,5,minimal_concern
0,8,6,1,8,6,8,0,4,anxiety_risk
5,2,1,5,0,9,8,0,5,anxiety_risk
10,11,3,4,7,0,6,6,1,anxiety_risk
10,4,5,7,10,2,10,5,1,anxiety_risk
3,4,5,9,7,1,4,5,7,anxiety_risk
2,10,3,9,9,6,9,3,3,anxiety_risk
1,8,0,3,4,2,4,0,7,minimal_concern
6,3,6,5,4,1,7,6,4,minimal_concern
6,2,7,7,7,9,10,9,7,anxiety_risk
0,11,3,7,2,1,4,10,9,minimal_concern
4,10,2,0,5,7,7,0,10,anxiety_risk
8,7,0,10,10,7,2,0,6,anxiety_risk
7,1,1,3,9,1,2,5,9,anxiety_risk
4,3,10,8,5,0,0,9,2,minimal_concern
2,12,9,0,7,6,6,8,0,anxiety_risk
7,8,7,5,0,6,2,5,8,minimal_concern
9,9,10,6,10,2,6,9,4,anxiety_risk
2,11,4,5,1,6,8,8,3,burnout_risk
8,4,10,6,4,1,0,2,9,minimal_concern
6,6,7,9,4,4,8,0,6,minimal_concern
8,4,9,8,1,6,10,7,10,minimal_concern
8,8,6,10,0,4,0,5,3,minimal_concern
3,3,10,3,9,7,2,5,3,anxiety_risk
5,10,8,4,8,1,9,7,0,anxiety_risk
9,3,0,2,4,9,8,7,8,anxiety_risk
7,10,10,7,2,5,9,7,9,minimal_concern
6,3,3,7,10,10,7,5,2,anxiety_risk
2,5,2,3,0,9,6,10,6,anxiety_risk
6,3,3,3,10,9,2,0,4,anxiety_risk
8,11,3,6,2,3,6,5,1,minimal_concern
4,11,7,10,10,6,7,1,6,anxiety_risk
9,9,3,6,9,2,0,2,9,anxiety_risk
6,5,1,2,2,2,0,10,7,depressive_risk
1,7,1,5,4,7,3,9,7,anxiety_risk
0,3,7,9,7,3,9,0,1,anxiety_risk
10,2,4,0,0,2,7,7,8,minimal_concern
9,10,2,7,0,10,8,9,6,anxiety_risk
1,4,2,3,8,7,10,1,1,anxiety_risk
9,0,9,0,7,3,3,7,6,anxiety_risk
5,4,8,4,6,2,0,6,10,minimal_concern
6,5,6,1,8,4,1,3,8,anxiety_risk
5,1,8,4,7,2,0,0,0,anxiety_risk
1,1,8,10,0,7,0,4,3,anxiety_risk
0,6,5,5,3,7,9,9,4,anxiety_risk
5,5,2,2,6,5,1,5,10,depressive_risk
8,8,1,0,7,2,2,1,7,anxiety_risk
2,4,7,3,7,5,2,7,4,anxiety_risk
5,3,8,6,4,6,6,4,4,minimal_concern
9,11,8,5,9,3,0,2,10,anxiety_risk
4,12,9,9,7,1,7,4,9,anxiety_risk
6,5,8,9,9,3,0,2,0,anxiety_risk
8,11,0,7,4,1,1,8,5,minimal_concern
9,12,1,3,8,8,8,2,10,anxiety_risk
8,3,10,2,5,5,2,10,0,minimal_concern
5,10,6,4,4,9,2,4,1,anxiety_risk
9,0,4,5,9,4,10,9,9,anxiety_risk
10,3,5,5,4,5,6,2,2,minimal_concern
1,11,3,9,0,1,8,1,10,minimal_concern
5,1,4,0,0,0,9,4,1,minimal_concern
7,10,1,7,2,10,4,2,9,anxiety_risk
2,8,9,0,8,3,6,2,6,anxiety_risk
7,8,2,4,4,0,8,6,3,minimal_concern
4,11,4,1,10,1,2,1,1,anxiety_risk
10,12,3,3,7,8,7,4,7,anxiety_risk
0,0,1,0,6,10,5,3,2,anxiety_risk
2,6,10,1,9,6,7,5,7,anxiety_risk
5,9,4,4,9,0,0,8,3,anxiety_risk
7,9,1,0,7,1,10,0,4,anxiety_risk
6,12,6,6,10,4,6,1,10,anxiety_risk
7,1,5,2,5,7,1,6,10,anxiety_risk
2,10,3,2,1,0,4,8,2,depressive_risk
3,1,9,7,10,6,8,3,4,anxiety_risk
9,4,2,10,9,6,0,2,1,anxiety_risk
6,6,5,8,0,6,1,4,9,minimal_concern
2,3,2,9,2,2,2,2,5,minimal_concern
5,11,2,10,4,8,0,1,2,anxiety_risk
9,11,1,4,5,1,7,10,10,stress_distress
0,4,8,2,8,8,3,1,6,anxiety_risk
1,7,7,0,4,7,0,7,10,anxiety_risk
2,11,8,5,10,5,10,6,0,anxiety_risk
6,1,10,2,6,9,10,7,3,anxiety_risk
9,2,1,6,4,8,7,2,6,anxiety_risk
2,6,6,2,2,1,10,9,6,minimal_concern
3,9,3,1,3,1,1,8,7,depressive_risk
0,1,8,7,2,8,2,4,3,anxiety_risk
1,9,8,5,0,1,6,0,4,minimal_concern
10,2,0,2,3,0,3,3,7,minimal_concern
6,7,7,0,1,10,3,0,2,anxiety_risk
1,0,10,10,10,1,10,4,4,anxiety_risk
8,8,1,7,6,7,8,8,10,anxiety_risk
1,6,8,3,7,9,7,7,10,anxiety_risk
3,11,9,8,2,10,3,3,0,anxiety_risk
7,7,3,4,6,2,5,7,0,minimal_concern
10,10,5,2,9,1,6,10,2,anxiety_risk
5,1,6,10,0,2,9,1,10,minimal_concern
7,12,5,5,2,8,3,6,5,anxiety_risk
0,0,5,4,4,9,10,3,6,anxiety_risk
5,9,4,1,4,9,8,1,6,anxiety_risk
7,9,9,6,0,5,10,7,0,burnout_risk
1,7,9,2,9,0,8,9,6,anxiety_risk
0,0,10,0,8,8,10,7,0,anxiety_risk
1,0,9,2,7,9,6,7,4,anxiety_risk
5,12,7,8,1,5,9,3,0,minimal_concern
8,5,6,0,1,10,6,7,8,anxiety_risk
7,6,7,4,6,7,5,8,7,anxiety_risk
10,3,6,4,0,3,2,0,1,minimal_concern
7,8,7,6,10,10,5,4,3,anxiety_risk
10,12,7,9,9,7,4,3,1,anxiety_risk
2,3,1,5,1,10,10,4,4,anxiety_risk
8,4,1,10,6,7,5,3,2,anxiety_risk
8,9,2,2,6,10,0,5,9,anxiety_risk
9,7,3,5,5,2,3,2,8,minimal_concern
7,0,0,9,6,5,10,3,5,stress_distress
2,4,0,10,9,7,6,8,3,anxiety_risk
8,8,9,0,0,5,6,6,6,minimal_concern
8,4,8,0,7,9,4,3,10,anxiety_risk
7,9,8,9,10,6,5,1,4,anxiety_risk
3,1,5,5,10,8,3,5,10,anxiety_risk
10,5,8,7,10,0,1,4,3,anxiety_risk
3,8,4,4,5,9,8,1,1,anxiety_risk
6,10,10,4,2,3,2,10,0,minimal_concern
3,8,10,9,5,6,5,9,7,minimal_concern
1,3,2,1,2,3,6,0,5,minimal_concern
3,4,3,0,10,3,0,2,2,anxiety_risk
3,0,9,7,1,0,1,7,1,elevated_fatigue
3,9,1,10,8,10,10,0,9,anxiety_risk
7,0,7,5,1,6,2,2,4,minimal_concern
2,9,6,5,6,2,8,10,1,burnout_risk
9,5,6,9,4,0,7,2,3,minimal_concern
1,3,6,6,6,6,7,4,8,stress_distress
2,5,5,3,8,10,9,0,3,anxiety_risk
9,9,0,6,1,10,8,10,1,anxiety_risk
7,4,3,2,4,9,10,3,9,anxiety_risk
2,3,0,4,2,7,9,9,6,anxiety_risk
3,12,2,5,9,6,1,1,4,anxiety_risk
5,8,5,1,8,4,0,4,7,anxiety_risk
0,3,10,0,2,7,8,3,2,anxiety_risk
9,7,0,3,6,3,4,2,3,minimal_concern
7,6,2,10,8,6,3,6,7,anxiety_risk
4,11,1,7,5,10,0,5,4,anxiety_risk
2,3,9,10,2,9,1,1,5,anxiety_risk
5,3,7,0,7,8,5,1,7,anxiety_risk
5,10,7,1,7,1,5,0,5,anxiety_risk
6,11,4,0,5,5,1,5,7,minimal_concern
5,5,7,8,6,6,6,10,2,minimal_concern
9,8,3,2,5,9,1,0,10,anxiety_risk
6,5,5,1,5,3,5,6,2,minimal_concern
7,5,9,8,8,10,5,9,9,anxiety_risk
10,3,8,0,10,0,10,6,7,anxiety_risk
10,7,4,2,2,0,1,0,5,minimal_concern
7,12,8,8,4,10,3,5,4,anxiety_risk
7,6,4,2,7,6,9,1,2,anxiety_risk
0,4,3,8,8,0,9,2,1,anxiety_risk
7,5,1,4,0,9,10,0,3,anxiety_risk
1,0,8,10,3,7,5,2,6,anxiety_risk
2,7,4,0,0,4,9,7,10,minimal_concern
0,11,7,7,10,9,4,2,2,anxiety_risk
1,5,0,6,6,8,5,2,0,anxiety_risk
3,1,1,1,3,7,0,8,3,anxiety_risk
0,1,3,4,4,7,8,8,10,anxiety_risk
4,2,8,10,9,0,4,7,1,anxiety_risk
2,12,5,3,10,0,9,10,2,anxiety_risk
2,7,5,9,0,9,5,6,7,anxiety_risk
7,6,10,10,5,3,6,4,0,minimal_concern
5,11,5,9,10,7,7,8,10,anxiety_risk
4,2,4,1,10,10,1,5,0,anxiety_risk
1,3,2,8,0,0,0,4,2,minimal_concern
8,1,7,6,1,1,5,1,0,minimal_concern
1,6,7,5,4,5,1,8,7,minimal_concern
0,11,9,1,5,9,8,5,10,anxiety_risk
10,10,5,4,9,1,2,1,3,anxiety_risk
0,0,2,4,9,5,5,3,10,anxiety_risk
7,5,2,3,2,7,10,4,2,anxiety_risk
2,11,6,9,6,1,10,0,2,stress_distress
0,7,5,0,2,0,8,10,7,minimal_concern
5,5,1,5,9,7,2,4,4,anxiety_risk
0,7,8,4,10,1,0,6,7,anxiety_risk
3,8,5,4,10,5,7,2,5,anxiety_risk
0,9,5,10,5,0,4,3,3,minimal_concern
7,11,2,1,2,4,1,8,4,depressive_risk
5,5,2,3,1,5,9,3,4,minimal_concern
10,4,10,6,9,2,2,0,9,anxiety_risk
3,3,6,10,6,7,3,9,3,anxiety_risk
3,8,5,0,7,1,5,9,9,anxiety_risk
5,7,0,4,8,1,3,6,6,anxiety_risk
6,5,6,6,10,9,5,3,6,anxiety_risk
7,10,9,4,2,10,2,7,1,anxiety_risk
3,12,5,7,0,3,2,10,10,minimal_concern
3,10,9,4,9,0,4,9,3,anxiety_risk
8,2,2,4,3,3,1,1,9,minimal_concern
9,4,10,2,5,1,7,3,2,minimal_concern
2,2,9,1,3,1,1,3,4,minimal_concern
4,10,9,5,5,10,2,9,9,anxiety_risk
0,12,9,4,8,10,8,7,9,anxiety_risk
8,0,4,9,10,3,4,1,0,anxiety_risk
8,5,10,5,7,4,0,9,4,anxiety_risk
10,12,3,0,7,6,9,8,9,anxiety_risk
9,3,1,8,2,3,2,1,0,minimal_concern
5,12,2,10,2,5,6,4,2,minimal_concern
9,6,1,6,7,3,9,5,9,anxiety_risk
9,7,4,7,4,8,10,10,8,anxiety_risk
6,5,10,6,2,8,5,5,10,anxiety_risk
1,3,8,7,1,3,0,8,1,elevated_fatigue
8,2,1,3,8,0,3,6,9,anxiety_risk
7,10,1,9,1,3,2,7,0,minimal_concern
4,7,9,8,4,0,0,9,5,minimal_concern
7,3,5,5,1,4,4,1,9,minimal_concern
1,5,2,3,4,6,3,10,3,depressive_risk
9,4,6,7,5,8,4,10,5,anxiety_risk
1,1,1,7,7,7,9,7,9,anxiety_risk
10,1,1,10,4,2,0,3,5,minimal_concern
9,8,9,0,1,1,10,1,7,minimal_concern
8,11,7,8,4,4,1,4,4,minimal_concern
0,11,8,5,8,8,4,5,5,anxiety_risk
9,7,3,6,3,10,10,0,8,anxiety_risk
0,7,10,5,6,4,2,5,6,minimal_concern
1,2,5,2,7,10,7,6,7,anxiety_risk
9,9,1,5,2,8,6,1,5,anxiety_risk
5,11,10,6,2,8,3,10,6,anxiety_risk
8,11,4,7,2,2,1,1,7,minimal_concern
5,5,2,0,6,8,4,8,10,anxiety_risk
5,0,4,0,10,4,7,2,0,anxiety_risk
8,8,4,7,0,1,2,10,5,minimal_concern
7,11,6,6,4,4,2,5,1,minimal_concern
3,12,3,8,5,4,7,6,1,stress_distress
6,12,9,10,3,0,2,3,8,minimal_concern
1,0,8,3,6,1,2,7,1,elevated_fatigue
4,2,10,2,7,0,8,10,0,anxiety_risk
2,1,10,10,1,7,5,10,5,anxiety_risk
5,11,4,8,0,8,3,0,2,anxiety_risk
10,4,10,6,8,7,1,3,5,anxiety_risk
9,11,4,8,6,4,9,3,2,stress_distress
9,4,4,8,6,8,5,2,7,anxiety_risk
3,7,2,10,3,2,4,2,4,minimal_concern
1,11,7,0,6,10,5,7,5,anxiety_risk
3,8,9,2,7,8,6,2,2,anxiety_risk
3,5,8,2,5,10,3,10,9,anxiety_risk
0,5,9,1,8,3,10,0,2,anxiety_risk
4,0,2,1,3,1,4,3,5,minimal_concern
3,2,5,0,1,5,1,6,2,minimal_concern
6,12,7,1,4,1,8,9,0,burnout_risk
10,9,10,9,3,7,8,2,1,anxiety_risk
4,0,7,4,6,6,2,7,2,minimal_concern
4,3,5,4,10,4,6,9,10,anxiety_risk
10,12,10,4,10,9,4,4,5,anxiety_risk
7,7,9,1,4,1,5,6,5,minimal_concern
10,7,3,1,9,2,1,1,7,anxiety_risk
10,12,7,4,9,8,6,3,9,anxiety_risk
0,1,9,8,8,4,6,4,10,anxiety_risk
9,9,6,5,5,5,9,4,4,stress_distress
4,0,5,9,2,7,1,5,7,anxiety_risk
6,3,1,2,4,10,2,7,0,anxiety_risk
6,6,10,9,7,6,2,6,6,anxiety_risk
4,7,7,7,9,6,5,8,1,anxiety_risk
6,0,10,4,10,4,9,3,7,anxiety_risk
3,5,3,3,1,5,1,0,3,minimal_concern
9,6,10,2,8,8,5,3,3,anxiety_risk
0,10,0,10,8,2,6,10,7,anxiety_risk
4,3,6,8,3,0,9,8,9,minimal_concern
4,9,5,10,4,9,6,10,6,anxiety_risk
2,3,6,4,0,6,7,8,6,elevated_fatigue
9,2,3,6,3,6,5,2,1,minimal_concern
5,10,0,3,7,1,2,4,9,anxiety_risk
9,6,7,8,1,5,3,6,1,minimal_concern
10,6,10,5,4,5,1,8,0,minimal_concern
0,11,0,5,5,0,0,1,1,minimal_concern
3,10,5,3,8,8,7,2,4,anxiety_risk
10,4,0,9,8,9,5,3,6,anxiety_risk
5,5,10,4,1,7,5,7,1,anxiety_risk
3,1,8,4,2,6,4,5,6,minimal_concern
8,5,3,6,0,7,7,1,7,anxiety_risk
2,0,2,4,4,2,5,6,4,minimal_concern
9,10,0,10,4,5,8,8,6,minimal_concern
5,11,8,6,0,5,2,0,8,minimal_concern
3,4,10,10,0,4,10,9,0,burnout_risk
4,6,9,10,6,3,10,10,5,minimal_concern
2,4,0,5,3,0,7,1,2,minimal_concern
9,7,0,0,8,10,10,1,10,anxiety_risk
0,4,3,2,6,10,0,8,4,anxiety_risk
0,1,5,3,8,0,2,10,4,anxiety_risk
3,12,2,5,9,5,3,10,5,anxiety_risk
0,5,3,5,7,9,7,6,8,anxiety_risk
4,5,6,9,8,6,1,5,7,anxiety_risk
10,11,2,6,2,0,5,2,5,minimal_concern
4,1,1,9,6,1,4,7,10,minimal_concern
9,8,10,10,1,4,10,1,9,minimal_concern
2,12,6,0,8,8,3,0,2,anxiety_risk
6,7,0,1,0,1,5,6,9,depressive_risk
2,11,6,8,8,8,9,1,10,anxiety_risk
10,3,3,6,8,6,3,7,6,anxiety_risk
5,10,8,3,1,5,2,3,9,minimal_concern
0,9,8,4,7,9,7,6,3,anxiety_risk
8,11,10,9,4,7,0,3,6,anxiety_risk
9,5,3,9,8,1,9,10,5,anxiety_risk
9,6,6,8,2,10,3,7,2,anxiety_risk
6,0,4,3,3,6,9,0,10,minimal_concern
10,4,0,4,0,4,7,8,4,minimal_concern
8,6,0,2,8,10,0,6,1,anxiety_risk
8,8,3,9,8,7,0,6,10,anxiety_risk
4,9,3,7,1,3,4,4,8,minimal_concern
0,11,4,10,8,7,9,5,9,anxiety_risk
3,6,9,9,0,1,2,7,1,minimal_concern
8,1,3,8,0,6,7,1,10,minimal_concern
3,1,0,2,8,4,10,9,5,anxiety_risk
1,9,5,2,10,5,9,10,0,anxiety_risk
1,0,3,2,0,2,3,5,7,depressive_risk
4,6,9,10,10,1,8,8,0,anxiety_risk
1,0,3,3,9,2,5,2,8,anxiety_risk
2,7,1,10,8,3,0,3,9,anxiety_risk
10,8,0,10,5,6,5,10,6,minimal_concern
3,5,9,4,6,1,5,6,6,minimal_concern
1,11,6,5,9,8,10,10,9,anxiety_risk
5,8,1,9,9,4,8,2,1,anxiety_risk
2,7,2,9,5,9,8,2,5,anxiety_risk
3,0,1,8,3,10,2,9,8,anxiety_risk
0,3,6,2,5,0,6,7,4,elevated_fatigue
1,5,9,2,9,5,1,7,5,anxiety_risk
1,12,0,4,7,9,9,4,4,anxiety_risk
3,3,4,10,4,6,5,5,0,minimal_concern
9,3,7,1,5,7,5,3,4,anxiety_risk
7,3,8,3,7,0,9,0,10,anxiety_risk
2,3,9,3,10,4,6,5,3,anxiety_risk
3,10,7,8,1,6,7,8,5,minimal_concern
2,10,8,6,4,8,1,3,2,anxiety_risk
0,4,1,4,2,4,6,6,9,minimal_concern
2,4,2,10,4,5,3,8,3,elevated_fatigue
5,1,10,0,4,4,8,2,0,minimal_concern
1,8,0,3,0,1,10,8,9,depressive_risk
5,11,2,2,3,2,7,0,7,minimal_concern
3,9,4,6,10,6,10,3,3,anxiety_risk
10,10,7,7,9,5,6,7,8,anxiety_risk
2,0,0,10,3,0,5,10,3,elevated_fatigue
9,9,10,10,4,3,5,2,4,minimal_concern
7,8,7,1,0,10,0,1,10,anxiety_risk
10,6,5,9,9,6,10,2,10,anxiety_risk
5,4,7,6,9,5,4,9,2,anxiety_risk
10,5,4,8,7,9,7,1,2,anxiety_risk
10,3,1,2,4,5,5,6,4,depressive_risk
6,7,5,7,6,2,0,4,8,minimal_concern
8,8,6,2,6,4,8,4,7,stress_distress
3,1,5,5,2,7,4,5,1,anxiety_risk
7,6,10,4,3,4,1,7,1,minimal_concern
5,3,6,0,2,8,9,3,10,anxiety_risk
3,9,5,5,5,10,1,7,8,anxiety_risk
1,11,9,8,7,0,3,8,1,anxiety_risk
2,8,6,8,8,0,8,2,3,anxiety_risk
9,11,2,1,3,3,6,3,9,minimal_concern
2,1,1,1,10,6,4,7,7,anxiety_risk
2,9,9,4,4,5,7,0,1,minimal_concern
3,7,8,4,1,9,10,10,3,anxiety_risk
4,5,5,2,5,2,5,10,0,minimal_concern
5,1,9,2,6,8,9,6,0,anxiety_risk
1,4,4,1,2,5,1,1,1,minimal_concern
0,9,3,5,3,2,2,0,2,minimal_concern
10,1,1,1,4,6,6,1,8,minimal_concern
0,8,5,4,6,3,10,10,9,stress_distress
9,12,2,8,2,10,9,5,4,anxiety_risk
5,1,3,1,2,9,9,5,8,anxiety_risk
1,9,0,5,7,10,5,5,3,anxiety_risk
10,12,7,3,10,10,6,6,5,anxiety_risk
7,12,0,3,5,9,10,2,1,anxiety_risk
0,9,3,8,3,10,4,6,9,anxiety_risk
7,1,7,6,7,7,8,5,7,anxiety_risk
10,1,0,8,4,4,10,7,1,burnout_risk
4,7,8,2,10,2,5,2,5,anxiety_risk
2,6,6,0,2,2,8,9,2,burnout_risk
3,10,9,9,6,0,7,2,2,minimal_concern
1,12,8,2,4,7,0,8,6,anxiety_risk
6,8,3,9,10,8,4,3,3,anxiety_risk
2,0,6,8,5,7,6,2,10,anxiety_risk
7,8,0,1,10,8,3,1,8,anxiety_risk
7,8,7,3,10,7,8,6,8,anxiety_risk
7,5,2,4,8,8,3,9,8,anxiety_risk
3,0,10,0,9,3,6,1,1,anxiety_risk
8,4,4,1,10,8,10,2,0,anxiety_risk
8,12,4,0,9,10,8,4,3,anxiety_risk
6,5,2,7,0,6,3,6,3,minimal_concern
8,9,4,10,3,0,6,5,7,minimal_concern
4,6,0,9,6,2,0,6,6,minimal_concern
7,11,7,6,6,10,10,7,4,anxiety_risk
1,4,1,3,10,8,8,4,3,anxiety_risk
3,7,7,2,10,0,7,7,8,anxiety_risk
6,11,9,5,10,3,10,3,2,anxiety_risk
9,5,8,2,9,0,5,10,3,anxiety_risk
1,6,0,7,2,1,7,9,2,burnout_risk
5,0,5,3,8,3,4,10,7,anxiety_risk
10,0,2,6,5,7,7,5,2,anxiety_risk
7,12,8,8,9,9,7,0,10,anxiety_risk
0,9,3,7,8,1,3,4,5,anxiety_risk
10,5,9,0,3,5,7,9,1,burnout_risk
2,3,2,3,6,3,5,9,7,depressive_risk
1,8,5,5,6,3,9,1,6,stress_distress
0,0,2,8,2,2,0,5,6,minimal_concern
0,6,1,6,5,8,2,10,0,anxiety_risk
2,11,1,10,10,10,10,6,6,anxiety_risk
10,1,2,10,9,7,6,3,9,anxiety_risk
5,3,5,5,6,8,7,5,9,anxiety_risk
4,11,3,7,7,6,0,1,7,anxiety_risk
0,9,9,2,6,6,0,6,10,minimal_concern
6,7,2,0,10,9,5,1,2,anxiety_risk
2,4,4,2,0,0,2,10,1,elevated_fatigue
7,9,10,3,7,4,8,0,10,anxiety_risk
7,7,7,5,0,9,4,10,0,anxiety_risk
5,8,10,5,4,8,2,9,2,anxiety_risk
2,6,4,4,8,5,5,6,9,anxiety_risk
2,8,1,8,10,6,6,10,7,anxiety_risk
2,4,1,0,1,4,6,2,1,minimal_concern
8,3,5,3,2,2,2,6,2,minimal_concern
2,3,9,1,7,10,10,6,10,anxiety_risk
10,3,0,7,6,6,4,7,7,minimal_concern
7,12,0,2,3,3,5,10,7,depressive_risk
4,7,7,5,6,1,5,10,1,minimal_concern
1,2,9,10,7,9,2,8,10,anxiety_risk
6,12,9,6,2,2,6,2,2,minimal_concern
8,5,10,4,8,10,5,3,10,anxiety_risk
0,5,8,7,2,8,1,3,4,anxiety_risk
4,11,0,10,6,4,2,8,10,minimal_concern
8,5,9,9,5,6,7,6,1,minimal_concern
3,3,1,10,1,6,0,7,8,elevated_fatigue
7,8,8,7,5,0,3,7,9,minimal_concern
10,6,2,10,3,5,0,6,9,minimal_concern
1,11,6,8,2,8,3,9,0,anxiety_risk
8,1,2,1,3,7,2,8,7,anxiety_risk
10,2,2,10,4,1,6,5,6,minimal_concern
7,2,9,6,3,5,10,0,8,minimal_concern
2,2,10,3,6,10,3,5,3,anxiety_risk
5,11,3,0,6,4,7,6,9,depressive_risk
9,5,6,9,10,7,3,0,6,anxiety_risk
7,9,4,5,3,2,4,3,1,minimal_concern
3,9,10,3,0,1,9,10,6,minimal_concern
3,11,9,2,5,7,2,5,4,anxiety_risk
2,5,10,3,3,1,0,9,6,elevated_fatigue
2,12,5,1,1,3,6,2,2,minimal_concern
2,2,10,1,1,6,10,4,9,minimal_concern
5,5,10,4,7,3,0,10,3,anxiety_risk
3,5,1,7,2,3,9,2,5,minimal_concern
4,10,0,10,8,8,0,1,8,anxiety_risk
1,2,10,8,2,7,3,2,9,anxiety_risk
8,1,10,1,5,3,9,4,9,minimal_concern
10,1,6,4,6,3,3,1,10,minimal_concern
6,4,2,5,10,4,0,0,6,anxiety_risk
10,10,10,6,10,0,1,3,0,anxiety_risk
8,8,9,9,7,5,0,6,5,anxiety_risk
10,1,4,5,5,5,8,8,10,stress_distress
3,9,5,6,1,6,1,5,6,minimal_concern
6,10,5,2,7,8,4,2,5,anxiety_risk
6,1,10,3,9,5,3,6,9,anxiety_risk
6,0,7,0,8,1,6,3,1,anxiety_risk
4,8,2,4,1,0,8,1,8,minimal_concern
5,10,2,8,7,9,3,4,9,anxiety_risk
8,0,8,9,0,1,4,4,4,minimal_concern
8,4,1,4,10,1,1,2,6,anxiety_risk
0,2,4,7,5,7,6,2,3,anxiety_risk
7,5,5,9,0,1,10,6,8,minimal_concern
0,2,4,7,7,7,0,7,0,anxiety_risk
5,11,9,9,1,2,4,10,1,minimal_concern
6,11,3,7,5,9,0,5,5,anxiety_risk
9,11,3,4,1,9,8,6,8,anxiety_risk
1,10,2,1,0,8,6,8,0,anxiety_risk
7,3,7,9,3,8,5,9,1,anxiety_risk
4,3,4,5,2,4,0,1,6,minimal_concern
10,10,0,3,9,6,10,10,9,anxiety_risk
4,11,7,3,9,4,0,4,7,anxiety_risk
4,8,4,1,5,4,8,5,6,stress_distress
7,9,3,3,8,3,3,2,3,anxiety_risk
1,3,4,6,7,6,1,8,3,anxiety_risk
2,3,7,6,2,1,2,9,6,elevated_fatigue
1,9,2,1,5,2,6,1,7,stress_distress
8,10,4,7,2,7,1,0,0,anxiety_risk
6,3,3,10,7,4,8,1,1,anxiety_risk
5,5,10,8,3,0,5,8,4,minimal_concern
3,2,10,10,4,9,9,3,6,anxiety_risk
2,9,6,3,1,6,3,7,1,minimal_concern
0,10,0,6,1,8,6,0,4,anxiety_risk
10,0,6,8,7,2,2,3,9,anxiety_risk
9,8,7,5,1,2,4,1,7,minimal_concern
1,6,8,5,5,7,6,2,6,anxiety_risk
